,Threshold,f1_score,recall_score,precision_scores,accuracy_scores,True Positive,False Negative,False Positive
0,0.0,0.11231713072203871,1.0,0.0595,0.0595,238,0,3762
1,0.05,0.11242324043457723,1.0,0.059559559559559556,0.0605,238,0,3758
2,0.1,0.11259541984732824,0.9915966386554622,0.05968639352554375,0.07,236,2,3718
3,0.15000000000000002,0.11770649153826722,0.9789915966386554,0.06261757592045149,0.12675,233,5,3488
4,0.2,0.12733873219771014,0.957983193277311,0.06820221358061622,0.21875,228,10,3115
5,0.25,0.13647798742138365,0.9117647058823529,0.07375934738273283,0.3135,217,21,2725
6,0.30000000000000004,0.1446808510638298,0.8571428571428571,0.07900852052672347,0.397,204,34,2378
7,0.35000000000000003,0.15312131919905772,0.819327731092437,0.0844521437851884,0.46075,195,43,2114
8,0.4,0.16290393979637005,0.773109243697479,0.09104403760514597,0.52725,184,54,1837
9,0.45,0.17027707808564232,0.7100840336134454,0.09673726388093876,0.58825,169,69,1578
10,0.5,0.17146212566059893,0.6134453781512605,0.09965870307167235,0.64725,146,92,1319
11,0.55,0.16865776528460996,0.5042016806722689,0.10126582278481013,0.70425,120,118,1065
12,0.6000000000000001,0.18727915194346292,0.44537815126050423,0.1185682326621924,0.77,106,132,788
13,0.65,0.2020665901262916,0.3697478991596639,0.13902053712480253,0.82625,88,150,545
14,0.7000000000000001,0.21879815100154085,0.29831932773109243,0.17274939172749393,0.87325,71,167,340
15,0.75,0.20689655172413793,0.20168067226890757,0.21238938053097345,0.908,48,190,178
16,0.8,0.1035598705501618,0.06722689075630252,0.22535211267605634,0.93075,16,222,55
17,0.8500000000000001,0.016129032258064516,0.008403361344537815,0.2,0.939,2,236,8
18,0.9,0.0,0.0,0.0,0.9405,0,238,0
19,0.9500000000000001,0.0,0.0,0.0,0.9405,0,238,0
20,1.0,0.0,0.0,0.0,0.9405,0,238,0
21,1.05,0.0,0.0,0.0,0.9405,0,238,0
22,1.1,0.0,0.0,0.0,0.9405,0,238,0
23,1.1500000000000001,0.0,0.0,0.0,0.9405,0,238,0
24,1.2000000000000002,0.0,0.0,0.0,0.9405,0,238,0
25,1.25,0.0,0.0,0.0,0.9405,0,238,0
26,1.3,0.0,0.0,0.0,0.9405,0,238,0
27,1.35,0.0,0.0,0.0,0.9405,0,238,0
28,1.4000000000000001,0.0,0.0,0.0,0.9405,0,238,0
29,1.4500000000000002,0.0,0.0,0.0,0.9405,0,238,0
30,1.5,0.0,0.0,0.0,0.9405,0,238,0
31,1.55,0.0,0.0,0.0,0.9405,0,238,0
32,1.6,0.0,0.0,0.0,0.9405,0,238,0
33,1.6500000000000001,0.0,0.0,0.0,0.9405,0,238,0
34,1.7000000000000002,0.0,0.0,0.0,0.9405,0,238,0
35,1.75,0.0,0.0,0.0,0.9405,0,238,0
36,1.8,0.0,0.0,0.0,0.9405,0,238,0
37,1.85,0.0,0.0,0.0,0.9405,0,238,0
38,1.9000000000000001,0.0,0.0,0.0,0.9405,0,238,0
39,1.9500000000000002,0.0,0.0,0.0,0.9405,0,238,0
40,2.0,0.0,0.0,0.0,0.9405,0,238,0
41,2.0500000000000003,0.0,0.0,0.0,0.9405,0,238,0
42,2.1,0.0,0.0,0.0,0.9405,0,238,0
43,2.15,0.0,0.0,0.0,0.9405,0,238,0
44,2.2,0.0,0.0,0.0,0.9405,0,238,0
45,2.25,0.0,0.0,0.0,0.9405,0,238,0
46,2.3000000000000003,0.0,0.0,0.0,0.9405,0,238,0
47,2.35,0.0,0.0,0.0,0.9405,0,238,0
48,2.4000000000000004,0.0,0.0,0.0,0.9405,0,238,0
49,2.45,0.0,0.0,0.0,0.9405,0,238,0
50,2.5,0.0,0.0,0.0,0.9405,0,238,0
51,2.5500000000000003,0.0,0.0,0.0,0.9405,0,238,0
52,2.6,0.0,0.0,0.0,0.9405,0,238,0
53,2.6500000000000004,0.0,0.0,0.0,0.9405,0,238,0
54,2.7,0.0,0.0,0.0,0.9405,0,238,0
55,2.75,0.0,0.0,0.0,0.9405,0,238,0
56,2.8000000000000003,0.0,0.0,0.0,0.9405,0,238,0
57,2.85,0.0,0.0,0.0,0.9405,0,238,0
58,2.9000000000000004,0.0,0.0,0.0,0.9405,0,238,0
59,2.95,0.0,0.0,0.0,0.9405,0,238,0
60,3.0,0.0,0.0,0.0,0.9405,0,238,0
61,3.0500000000000003,0.0,0.0,0.0,0.9405,0,238,0
62,3.1,0.0,0.0,0.0,0.9405,0,238,0
63,3.1500000000000004,0.0,0.0,0.0,0.9405,0,238,0
64,3.2,0.0,0.0,0.0,0.9405,0,238,0
65,3.25,0.0,0.0,0.0,0.9405,0,238,0
66,3.3000000000000003,0.0,0.0,0.0,0.9405,0,238,0
67,3.35,0.0,0.0,0.0,0.9405,0,238,0
68,3.4000000000000004,0.0,0.0,0.0,0.9405,0,238,0
69,3.45,0.0,0.0,0.0,0.9405,0,238,0
70,3.5,0.0,0.0,0.0,0.9405,0,238,0
71,3.5500000000000003,0.0,0.0,0.0,0.9405,0,238,0
72,3.6,0.0,0.0,0.0,0.9405,0,238,0
73,3.6500000000000004,0.0,0.0,0.0,0.9405,0,238,0
74,3.7,0.0,0.0,0.0,0.9405,0,238,0
75,3.75,0.0,0.0,0.0,0.9405,0,238,0
76,3.8000000000000003,0.0,0.0,0.0,0.9405,0,238,0
77,3.85,0.0,0.0,0.0,0.9405,0,238,0
78,3.9000000000000004,0.0,0.0,0.0,0.9405,0,238,0
79,3.95,0.0,0.0,0.0,0.9405,0,238,0
80,4.0,0.0,0.0,0.0,0.9405,0,238,0
81,4.05,0.0,0.0,0.0,0.9405,0,238,0
82,4.1000000000000005,0.0,0.0,0.0,0.9405,0,238,0
83,4.15,0.0,0.0,0.0,0.9405,0,238,0
84,4.2,0.0,0.0,0.0,0.9405,0,238,0
85,4.25,0.0,0.0,0.0,0.9405,0,238,0
86,4.3,0.0,0.0,0.0,0.9405,0,238,0
87,4.3500000000000005,0.0,0.0,0.0,0.9405,0,238,0
88,4.4,0.0,0.0,0.0,0.9405,0,238,0
89,4.45,0.0,0.0,0.0,0.9405,0,238,0
90,4.5,0.0,0.0,0.0,0.9405,0,238,0
91,4.55,0.0,0.0,0.0,0.9405,0,238,0
92,4.6000000000000005,0.0,0.0,0.0,0.9405,0,238,0
93,4.65,0.0,0.0,0.0,0.9405,0,238,0
94,4.7,0.0,0.0,0.0,0.9405,0,238,0
95,4.75,0.0,0.0,0.0,0.9405,0,238,0
96,4.800000000000001,0.0,0.0,0.0,0.9405,0,238,0
97,4.8500000000000005,0.0,0.0,0.0,0.9405,0,238,0
98,4.9,0.0,0.0,0.0,0.9405,0,238,0
99,4.95,0.0,0.0,0.0,0.9405,0,238,0
100,5.0,0.0,0.0,0.0,0.9405,0,238,0
101,5.050000000000001,0.0,0.0,0.0,0.9405,0,238,0
102,5.1000000000000005,0.0,0.0,0.0,0.9405,0,238,0
103,5.15,0.0,0.0,0.0,0.9405,0,238,0
104,5.2,0.0,0.0,0.0,0.9405,0,238,0
105,5.25,0.0,0.0,0.0,0.9405,0,238,0
106,5.300000000000001,0.0,0.0,0.0,0.9405,0,238,0
107,5.3500000000000005,0.0,0.0,0.0,0.9405,0,238,0
108,5.4,0.0,0.0,0.0,0.9405,0,238,0
109,5.45,0.0,0.0,0.0,0.9405,0,238,0
110,5.5,0.0,0.0,0.0,0.9405,0,238,0
111,5.550000000000001,0.0,0.0,0.0,0.9405,0,238,0
112,5.6000000000000005,0.0,0.0,0.0,0.9405,0,238,0
113,5.65,0.0,0.0,0.0,0.9405,0,238,0
114,5.7,0.0,0.0,0.0,0.9405,0,238,0
115,5.75,0.0,0.0,0.0,0.9405,0,238,0
116,5.800000000000001,0.0,0.0,0.0,0.9405,0,238,0
117,5.8500000000000005,0.0,0.0,0.0,0.9405,0,238,0
118,5.9,0.0,0.0,0.0,0.9405,0,238,0
119,5.95,0.0,0.0,0.0,0.9405,0,238,0
120,6.0,0.0,0.0,0.0,0.9405,0,238,0
121,6.050000000000001,0.0,0.0,0.0,0.9405,0,238,0
122,6.1000000000000005,0.0,0.0,0.0,0.9405,0,238,0
123,6.15,0.0,0.0,0.0,0.9405,0,238,0
124,6.2,0.0,0.0,0.0,0.9405,0,238,0
125,6.25,0.0,0.0,0.0,0.9405,0,238,0
126,6.300000000000001,0.0,0.0,0.0,0.9405,0,238,0
127,6.3500000000000005,0.0,0.0,0.0,0.9405,0,238,0
128,6.4,0.0,0.0,0.0,0.9405,0,238,0
129,6.45,0.0,0.0,0.0,0.9405,0,238,0
130,6.5,0.0,0.0,0.0,0.9405,0,238,0
131,6.550000000000001,0.0,0.0,0.0,0.9405,0,238,0
132,6.6000000000000005,0.0,0.0,0.0,0.9405,0,238,0
133,6.65,0.0,0.0,0.0,0.9405,0,238,0
134,6.7,0.0,0.0,0.0,0.9405,0,238,0
135,6.75,0.0,0.0,0.0,0.9405,0,238,0
136,6.800000000000001,0.0,0.0,0.0,0.9405,0,238,0
137,6.8500000000000005,0.0,0.0,0.0,0.9405,0,238,0
138,6.9,0.0,0.0,0.0,0.9405,0,238,0
139,6.95,0.0,0.0,0.0,0.9405,0,238,0
140,7.0,0.0,0.0,0.0,0.9405,0,238,0
141,7.050000000000001,0.0,0.0,0.0,0.9405,0,238,0
142,7.1000000000000005,0.0,0.0,0.0,0.9405,0,238,0
143,7.15,0.0,0.0,0.0,0.9405,0,238,0
144,7.2,0.0,0.0,0.0,0.9405,0,238,0
145,7.25,0.0,0.0,0.0,0.9405,0,238,0
146,7.300000000000001,0.0,0.0,0.0,0.9405,0,238,0
147,7.3500000000000005,0.0,0.0,0.0,0.9405,0,238,0
148,7.4,0.0,0.0,0.0,0.9405,0,238,0
149,7.45,0.0,0.0,0.0,0.9405,0,238,0
150,7.5,0.0,0.0,0.0,0.9405,0,238,0
151,7.550000000000001,0.0,0.0,0.0,0.9405,0,238,0
152,7.6000000000000005,0.0,0.0,0.0,0.9405,0,238,0
153,7.65,0.0,0.0,0.0,0.9405,0,238,0
154,7.7,0.0,0.0,0.0,0.9405,0,238,0
155,7.75,0.0,0.0,0.0,0.9405,0,238,0
156,7.800000000000001,0.0,0.0,0.0,0.9405,0,238,0
157,7.8500000000000005,0.0,0.0,0.0,0.9405,0,238,0
158,7.9,0.0,0.0,0.0,0.9405,0,238,0
159,7.95,0.0,0.0,0.0,0.9405,0,238,0
160,8.0,0.0,0.0,0.0,0.9405,0,238,0
161,8.05,0.0,0.0,0.0,0.9405,0,238,0
162,8.1,0.0,0.0,0.0,0.9405,0,238,0
163,8.15,0.0,0.0,0.0,0.9405,0,238,0
164,8.200000000000001,0.0,0.0,0.0,0.9405,0,238,0
165,8.25,0.0,0.0,0.0,0.9405,0,238,0
166,8.3,0.0,0.0,0.0,0.9405,0,238,0
167,8.35,0.0,0.0,0.0,0.9405,0,238,0
168,8.4,0.0,0.0,0.0,0.9405,0,238,0
169,8.450000000000001,0.0,0.0,0.0,0.9405,0,238,0
170,8.5,0.0,0.0,0.0,0.9405,0,238,0
171,8.55,0.0,0.0,0.0,0.9405,0,238,0
172,8.6,0.0,0.0,0.0,0.9405,0,238,0
173,8.65,0.0,0.0,0.0,0.9405,0,238,0
174,8.700000000000001,0.0,0.0,0.0,0.9405,0,238,0
175,8.75,0.0,0.0,0.0,0.9405,0,238,0
176,8.8,0.0,0.0,0.0,0.9405,0,238,0
177,8.85,0.0,0.0,0.0,0.9405,0,238,0
178,8.9,0.0,0.0,0.0,0.9405,0,238,0
179,8.950000000000001,0.0,0.0,0.0,0.9405,0,238,0
180,9.0,0.0,0.0,0.0,0.9405,0,238,0
181,9.05,0.0,0.0,0.0,0.9405,0,238,0
182,9.1,0.0,0.0,0.0,0.9405,0,238,0
183,9.15,0.0,0.0,0.0,0.9405,0,238,0
184,9.200000000000001,0.0,0.0,0.0,0.9405,0,238,0
185,9.25,0.0,0.0,0.0,0.9405,0,238,0
186,9.3,0.0,0.0,0.0,0.9405,0,238,0
187,9.35,0.0,0.0,0.0,0.9405,0,238,0
188,9.4,0.0,0.0,0.0,0.9405,0,238,0
189,9.450000000000001,0.0,0.0,0.0,0.9405,0,238,0
190,9.5,0.0,0.0,0.0,0.9405,0,238,0
191,9.55,0.0,0.0,0.0,0.9405,0,238,0
192,9.600000000000001,0.0,0.0,0.0,0.9405,0,238,0
193,9.65,0.0,0.0,0.0,0.9405,0,238,0
194,9.700000000000001,0.0,0.0,0.0,0.9405,0,238,0
195,9.75,0.0,0.0,0.0,0.9405,0,238,0
196,9.8,0.0,0.0,0.0,0.9405,0,238,0
197,9.850000000000001,0.0,0.0,0.0,0.9405,0,238,0
198,9.9,0.0,0.0,0.0,0.9405,0,238,0
199,9.950000000000001,0.0,0.0,0.0,0.9405,0,238,0
200,10.0,0.0,0.0,0.0,0.9405,0,238,0
201,10.05,0.0,0.0,0.0,0.9405,0,238,0
202,10.100000000000001,0.0,0.0,0.0,0.9405,0,238,0
203,10.15,0.0,0.0,0.0,0.9405,0,238,0
204,10.200000000000001,0.0,0.0,0.0,0.9405,0,238,0
205,10.25,0.0,0.0,0.0,0.9405,0,238,0
206,10.3,0.0,0.0,0.0,0.9405,0,238,0
207,10.350000000000001,0.0,0.0,0.0,0.9405,0,238,0
208,10.4,0.0,0.0,0.0,0.9405,0,238,0
209,10.450000000000001,0.0,0.0,0.0,0.9405,0,238,0
210,10.5,0.0,0.0,0.0,0.9405,0,238,0
211,10.55,0.0,0.0,0.0,0.9405,0,238,0
212,10.600000000000001,0.0,0.0,0.0,0.9405,0,238,0
213,10.65,0.0,0.0,0.0,0.9405,0,238,0
214,10.700000000000001,0.0,0.0,0.0,0.9405,0,238,0
215,10.75,0.0,0.0,0.0,0.9405,0,238,0
216,10.8,0.0,0.0,0.0,0.9405,0,238,0
217,10.850000000000001,0.0,0.0,0.0,0.9405,0,238,0
218,10.9,0.0,0.0,0.0,0.9405,0,238,0
219,10.950000000000001,0.0,0.0,0.0,0.9405,0,238,0
220,11.0,0.0,0.0,0.0,0.9405,0,238,0
221,11.05,0.0,0.0,0.0,0.9405,0,238,0
222,11.100000000000001,0.0,0.0,0.0,0.9405,0,238,0
223,11.15,0.0,0.0,0.0,0.9405,0,238,0
224,11.200000000000001,0.0,0.0,0.0,0.9405,0,238,0
225,11.25,0.0,0.0,0.0,0.9405,0,238,0
226,11.3,0.0,0.0,0.0,0.9405,0,238,0
227,11.350000000000001,0.0,0.0,0.0,0.9405,0,238,0
228,11.4,0.0,0.0,0.0,0.9405,0,238,0
229,11.450000000000001,0.0,0.0,0.0,0.9405,0,238,0
230,11.5,0.0,0.0,0.0,0.9405,0,238,0
231,11.55,0.0,0.0,0.0,0.9405,0,238,0
232,11.600000000000001,0.0,0.0,0.0,0.9405,0,238,0
233,11.65,0.0,0.0,0.0,0.9405,0,238,0
234,11.700000000000001,0.0,0.0,0.0,0.9405,0,238,0
235,11.75,0.0,0.0,0.0,0.9405,0,238,0
236,11.8,0.0,0.0,0.0,0.9405,0,238,0
237,11.850000000000001,0.0,0.0,0.0,0.9405,0,238,0
238,11.9,0.0,0.0,0.0,0.9405,0,238,0
239,11.950000000000001,0.0,0.0,0.0,0.9405,0,238,0
240,12.0,0.0,0.0,0.0,0.9405,0,238,0
241,12.05,0.0,0.0,0.0,0.9405,0,238,0
242,12.100000000000001,0.0,0.0,0.0,0.9405,0,238,0
243,12.15,0.0,0.0,0.0,0.9405,0,238,0
244,12.200000000000001,0.0,0.0,0.0,0.9405,0,238,0
245,12.25,0.0,0.0,0.0,0.9405,0,238,0
246,12.3,0.0,0.0,0.0,0.9405,0,238,0
247,12.350000000000001,0.0,0.0,0.0,0.9405,0,238,0
248,12.4,0.0,0.0,0.0,0.9405,0,238,0
249,12.450000000000001,0.0,0.0,0.0,0.9405,0,238,0
250,12.5,0.0,0.0,0.0,0.9405,0,238,0
251,12.55,0.0,0.0,0.0,0.9405,0,238,0
252,12.600000000000001,0.0,0.0,0.0,0.9405,0,238,0
253,12.65,0.0,0.0,0.0,0.9405,0,238,0
254,12.700000000000001,0.0,0.0,0.0,0.9405,0,238,0
255,12.75,0.0,0.0,0.0,0.9405,0,238,0
256,12.8,0.0,0.0,0.0,0.9405,0,238,0
257,12.850000000000001,0.0,0.0,0.0,0.9405,0,238,0
258,12.9,0.0,0.0,0.0,0.9405,0,238,0
259,12.950000000000001,0.0,0.0,0.0,0.9405,0,238,0
260,13.0,0.0,0.0,0.0,0.9405,0,238,0
261,13.05,0.0,0.0,0.0,0.9405,0,238,0
262,13.100000000000001,0.0,0.0,0.0,0.9405,0,238,0
263,13.15,0.0,0.0,0.0,0.9405,0,238,0
264,13.200000000000001,0.0,0.0,0.0,0.9405,0,238,0
265,13.25,0.0,0.0,0.0,0.9405,0,238,0
266,13.3,0.0,0.0,0.0,0.9405,0,238,0
267,13.350000000000001,0.0,0.0,0.0,0.9405,0,238,0
268,13.4,0.0,0.0,0.0,0.9405,0,238,0
269,13.450000000000001,0.0,0.0,0.0,0.9405,0,238,0
270,13.5,0.0,0.0,0.0,0.9405,0,238,0
271,13.55,0.0,0.0,0.0,0.9405,0,238,0
272,13.600000000000001,0.0,0.0,0.0,0.9405,0,238,0
273,13.65,0.0,0.0,0.0,0.9405,0,238,0
274,13.700000000000001,0.0,0.0,0.0,0.9405,0,238,0
275,13.75,0.0,0.0,0.0,0.9405,0,238,0
276,13.8,0.0,0.0,0.0,0.9405,0,238,0
277,13.850000000000001,0.0,0.0,0.0,0.9405,0,238,0
278,13.9,0.0,0.0,0.0,0.9405,0,238,0
279,13.950000000000001,0.0,0.0,0.0,0.9405,0,238,0
280,14.0,0.0,0.0,0.0,0.9405,0,238,0
281,14.05,0.0,0.0,0.0,0.9405,0,238,0
282,14.100000000000001,0.0,0.0,0.0,0.9405,0,238,0
283,14.15,0.0,0.0,0.0,0.9405,0,238,0
284,14.200000000000001,0.0,0.0,0.0,0.9405,0,238,0
285,14.25,0.0,0.0,0.0,0.9405,0,238,0
286,14.3,0.0,0.0,0.0,0.9405,0,238,0
287,14.350000000000001,0.0,0.0,0.0,0.9405,0,238,0
288,14.4,0.0,0.0,0.0,0.9405,0,238,0
289,14.450000000000001,0.0,0.0,0.0,0.9405,0,238,0
290,14.5,0.0,0.0,0.0,0.9405,0,238,0
291,14.55,0.0,0.0,0.0,0.9405,0,238,0
292,14.600000000000001,0.0,0.0,0.0,0.9405,0,238,0
293,14.65,0.0,0.0,0.0,0.9405,0,238,0
294,14.700000000000001,0.0,0.0,0.0,0.9405,0,238,0
295,14.75,0.0,0.0,0.0,0.9405,0,238,0
296,14.8,0.0,0.0,0.0,0.9405,0,238,0
297,14.850000000000001,0.0,0.0,0.0,0.9405,0,238,0
298,14.9,0.0,0.0,0.0,0.9405,0,238,0
299,14.950000000000001,0.0,0.0,0.0,0.9405,0,238,0
300,15.0,0.0,0.0,0.0,0.9405,0,238,0
301,15.05,0.0,0.0,0.0,0.9405,0,238,0
302,15.100000000000001,0.0,0.0,0.0,0.9405,0,238,0
303,15.15,0.0,0.0,0.0,0.9405,0,238,0
304,15.200000000000001,0.0,0.0,0.0,0.9405,0,238,0
305,15.25,0.0,0.0,0.0,0.9405,0,238,0
306,15.3,0.0,0.0,0.0,0.9405,0,238,0
307,15.350000000000001,0.0,0.0,0.0,0.9405,0,238,0
308,15.4,0.0,0.0,0.0,0.9405,0,238,0
309,15.450000000000001,0.0,0.0,0.0,0.9405,0,238,0
310,15.5,0.0,0.0,0.0,0.9405,0,238,0
311,15.55,0.0,0.0,0.0,0.9405,0,238,0
312,15.600000000000001,0.0,0.0,0.0,0.9405,0,238,0
313,15.65,0.0,0.0,0.0,0.9405,0,238,0
314,15.700000000000001,0.0,0.0,0.0,0.9405,0,238,0
315,15.75,0.0,0.0,0.0,0.9405,0,238,0
316,15.8,0.0,0.0,0.0,0.9405,0,238,0
317,15.850000000000001,0.0,0.0,0.0,0.9405,0,238,0
318,15.9,0.0,0.0,0.0,0.9405,0,238,0
319,15.950000000000001,0.0,0.0,0.0,0.9405,0,238,0
320,16.0,0.0,0.0,0.0,0.9405,0,238,0
321,16.05,0.0,0.0,0.0,0.9405,0,238,0
322,16.1,0.0,0.0,0.0,0.9405,0,238,0
323,16.150000000000002,0.0,0.0,0.0,0.9405,0,238,0
324,16.2,0.0,0.0,0.0,0.9405,0,238,0
325,16.25,0.0,0.0,0.0,0.9405,0,238,0
326,16.3,0.0,0.0,0.0,0.9405,0,238,0
327,16.35,0.0,0.0,0.0,0.9405,0,238,0
328,16.400000000000002,0.0,0.0,0.0,0.9405,0,238,0
329,16.45,0.0,0.0,0.0,0.9405,0,238,0
330,16.5,0.0,0.0,0.0,0.9405,0,238,0
331,16.55,0.0,0.0,0.0,0.9405,0,238,0
332,16.6,0.0,0.0,0.0,0.9405,0,238,0
333,16.650000000000002,0.0,0.0,0.0,0.9405,0,238,0
334,16.7,0.0,0.0,0.0,0.9405,0,238,0
335,16.75,0.0,0.0,0.0,0.9405,0,238,0
336,16.8,0.0,0.0,0.0,0.9405,0,238,0
337,16.85,0.0,0.0,0.0,0.9405,0,238,0
338,16.900000000000002,0.0,0.0,0.0,0.9405,0,238,0
339,16.95,0.0,0.0,0.0,0.9405,0,238,0
340,17.0,0.0,0.0,0.0,0.9405,0,238,0
341,17.05,0.0,0.0,0.0,0.9405,0,238,0
342,17.1,0.0,0.0,0.0,0.9405,0,238,0
343,17.150000000000002,0.0,0.0,0.0,0.9405,0,238,0
344,17.2,0.0,0.0,0.0,0.9405,0,238,0
345,17.25,0.0,0.0,0.0,0.9405,0,238,0
346,17.3,0.0,0.0,0.0,0.9405,0,238,0
347,17.35,0.0,0.0,0.0,0.9405,0,238,0
348,17.400000000000002,0.0,0.0,0.0,0.9405,0,238,0
349,17.45,0.0,0.0,0.0,0.9405,0,238,0
350,17.5,0.0,0.0,0.0,0.9405,0,238,0
351,17.55,0.0,0.0,0.0,0.9405,0,238,0
352,17.6,0.0,0.0,0.0,0.9405,0,238,0
353,17.650000000000002,0.0,0.0,0.0,0.9405,0,238,0
354,17.7,0.0,0.0,0.0,0.9405,0,238,0
355,17.75,0.0,0.0,0.0,0.9405,0,238,0
356,17.8,0.0,0.0,0.0,0.9405,0,238,0
357,17.85,0.0,0.0,0.0,0.9405,0,238,0
358,17.900000000000002,0.0,0.0,0.0,0.9405,0,238,0
359,17.95,0.0,0.0,0.0,0.9405,0,238,0
360,18.0,0.0,0.0,0.0,0.9405,0,238,0
361,18.05,0.0,0.0,0.0,0.9405,0,238,0
362,18.1,0.0,0.0,0.0,0.9405,0,238,0
363,18.150000000000002,0.0,0.0,0.0,0.9405,0,238,0
364,18.2,0.0,0.0,0.0,0.9405,0,238,0
365,18.25,0.0,0.0,0.0,0.9405,0,238,0
366,18.3,0.0,0.0,0.0,0.9405,0,238,0
367,18.35,0.0,0.0,0.0,0.9405,0,238,0
368,18.400000000000002,0.0,0.0,0.0,0.9405,0,238,0
369,18.45,0.0,0.0,0.0,0.9405,0,238,0
370,18.5,0.0,0.0,0.0,0.9405,0,238,0
371,18.55,0.0,0.0,0.0,0.9405,0,238,0
372,18.6,0.0,0.0,0.0,0.9405,0,238,0
373,18.650000000000002,0.0,0.0,0.0,0.9405,0,238,0
374,18.7,0.0,0.0,0.0,0.9405,0,238,0
375,18.75,0.0,0.0,0.0,0.9405,0,238,0
376,18.8,0.0,0.0,0.0,0.9405,0,238,0
377,18.85,0.0,0.0,0.0,0.9405,0,238,0
378,18.900000000000002,0.0,0.0,0.0,0.9405,0,238,0
379,18.95,0.0,0.0,0.0,0.9405,0,238,0
380,19.0,0.0,0.0,0.0,0.9405,0,238,0
381,19.05,0.0,0.0,0.0,0.9405,0,238,0
382,19.1,0.0,0.0,0.0,0.9405,0,238,0
383,19.150000000000002,0.0,0.0,0.0,0.9405,0,238,0
384,19.200000000000003,0.0,0.0,0.0,0.9405,0,238,0
385,19.25,0.0,0.0,0.0,0.9405,0,238,0
386,19.3,0.0,0.0,0.0,0.9405,0,238,0
387,19.35,0.0,0.0,0.0,0.9405,0,238,0
388,19.400000000000002,0.0,0.0,0.0,0.9405,0,238,0
389,19.450000000000003,0.0,0.0,0.0,0.9405,0,238,0
390,19.5,0.0,0.0,0.0,0.9405,0,238,0
391,19.55,0.0,0.0,0.0,0.9405,0,238,0
392,19.6,0.0,0.0,0.0,0.9405,0,238,0
393,19.650000000000002,0.0,0.0,0.0,0.9405,0,238,0
394,19.700000000000003,0.0,0.0,0.0,0.9405,0,238,0
395,19.75,0.0,0.0,0.0,0.9405,0,238,0
396,19.8,0.0,0.0,0.0,0.9405,0,238,0
397,19.85,0.0,0.0,0.0,0.9405,0,238,0
398,19.900000000000002,0.0,0.0,0.0,0.9405,0,238,0
399,19.950000000000003,0.0,0.0,0.0,0.9405,0,238,0
400,20.0,0.0,0.0,0.0,0.9405,0,238,0
401,20.05,0.0,0.0,0.0,0.9405,0,238,0
402,20.1,0.0,0.0,0.0,0.9405,0,238,0
403,20.150000000000002,0.0,0.0,0.0,0.9405,0,238,0
404,20.200000000000003,0.0,0.0,0.0,0.9405,0,238,0
405,20.25,0.0,0.0,0.0,0.9405,0,238,0
406,20.3,0.0,0.0,0.0,0.9405,0,238,0
407,20.35,0.0,0.0,0.0,0.9405,0,238,0
408,20.400000000000002,0.0,0.0,0.0,0.9405,0,238,0
409,20.450000000000003,0.0,0.0,0.0,0.9405,0,238,0
410,20.5,0.0,0.0,0.0,0.9405,0,238,0
411,20.55,0.0,0.0,0.0,0.9405,0,238,0
412,20.6,0.0,0.0,0.0,0.9405,0,238,0
413,20.650000000000002,0.0,0.0,0.0,0.9405,0,238,0
414,20.700000000000003,0.0,0.0,0.0,0.9405,0,238,0
415,20.75,0.0,0.0,0.0,0.9405,0,238,0
416,20.8,0.0,0.0,0.0,0.9405,0,238,0
417,20.85,0.0,0.0,0.0,0.9405,0,238,0
418,20.900000000000002,0.0,0.0,0.0,0.9405,0,238,0
419,20.950000000000003,0.0,0.0,0.0,0.9405,0,238,0
420,21.0,0.0,0.0,0.0,0.9405,0,238,0
421,21.05,0.0,0.0,0.0,0.9405,0,238,0
422,21.1,0.0,0.0,0.0,0.9405,0,238,0
423,21.150000000000002,0.0,0.0,0.0,0.9405,0,238,0
424,21.200000000000003,0.0,0.0,0.0,0.9405,0,238,0
425,21.25,0.0,0.0,0.0,0.9405,0,238,0
426,21.3,0.0,0.0,0.0,0.9405,0,238,0
427,21.35,0.0,0.0,0.0,0.9405,0,238,0
428,21.400000000000002,0.0,0.0,0.0,0.9405,0,238,0
429,21.450000000000003,0.0,0.0,0.0,0.9405,0,238,0
430,21.5,0.0,0.0,0.0,0.9405,0,238,0
431,21.55,0.0,0.0,0.0,0.9405,0,238,0
432,21.6,0.0,0.0,0.0,0.9405,0,238,0
433,21.650000000000002,0.0,0.0,0.0,0.9405,0,238,0
434,21.700000000000003,0.0,0.0,0.0,0.9405,0,238,0
435,21.75,0.0,0.0,0.0,0.9405,0,238,0
436,21.8,0.0,0.0,0.0,0.9405,0,238,0
437,21.85,0.0,0.0,0.0,0.9405,0,238,0
438,21.900000000000002,0.0,0.0,0.0,0.9405,0,238,0
439,21.950000000000003,0.0,0.0,0.0,0.9405,0,238,0
440,22.0,0.0,0.0,0.0,0.9405,0,238,0
441,22.05,0.0,0.0,0.0,0.9405,0,238,0
442,22.1,0.0,0.0,0.0,0.9405,0,238,0
443,22.150000000000002,0.0,0.0,0.0,0.9405,0,238,0
444,22.200000000000003,0.0,0.0,0.0,0.9405,0,238,0
445,22.25,0.0,0.0,0.0,0.9405,0,238,0
446,22.3,0.0,0.0,0.0,0.9405,0,238,0
447,22.35,0.0,0.0,0.0,0.9405,0,238,0
448,22.400000000000002,0.0,0.0,0.0,0.9405,0,238,0
449,22.450000000000003,0.0,0.0,0.0,0.9405,0,238,0
450,22.5,0.0,0.0,0.0,0.9405,0,238,0
451,22.55,0.0,0.0,0.0,0.9405,0,238,0
452,22.6,0.0,0.0,0.0,0.9405,0,238,0
453,22.650000000000002,0.0,0.0,0.0,0.9405,0,238,0
454,22.700000000000003,0.0,0.0,0.0,0.9405,0,238,0
455,22.75,0.0,0.0,0.0,0.9405,0,238,0
456,22.8,0.0,0.0,0.0,0.9405,0,238,0
457,22.85,0.0,0.0,0.0,0.9405,0,238,0
458,22.900000000000002,0.0,0.0,0.0,0.9405,0,238,0
459,22.950000000000003,0.0,0.0,0.0,0.9405,0,238,0
460,23.0,0.0,0.0,0.0,0.9405,0,238,0
461,23.05,0.0,0.0,0.0,0.9405,0,238,0
462,23.1,0.0,0.0,0.0,0.9405,0,238,0
463,23.150000000000002,0.0,0.0,0.0,0.9405,0,238,0
464,23.200000000000003,0.0,0.0,0.0,0.9405,0,238,0
465,23.25,0.0,0.0,0.0,0.9405,0,238,0
466,23.3,0.0,0.0,0.0,0.9405,0,238,0
467,23.35,0.0,0.0,0.0,0.9405,0,238,0
468,23.400000000000002,0.0,0.0,0.0,0.9405,0,238,0
469,23.450000000000003,0.0,0.0,0.0,0.9405,0,238,0
470,23.5,0.0,0.0,0.0,0.9405,0,238,0
471,23.55,0.0,0.0,0.0,0.9405,0,238,0
472,23.6,0.0,0.0,0.0,0.9405,0,238,0
473,23.650000000000002,0.0,0.0,0.0,0.9405,0,238,0
474,23.700000000000003,0.0,0.0,0.0,0.9405,0,238,0
475,23.75,0.0,0.0,0.0,0.9405,0,238,0
476,23.8,0.0,0.0,0.0,0.9405,0,238,0
477,23.85,0.0,0.0,0.0,0.9405,0,238,0
478,23.900000000000002,0.0,0.0,0.0,0.9405,0,238,0
479,23.950000000000003,0.0,0.0,0.0,0.9405,0,238,0
480,24.0,0.0,0.0,0.0,0.9405,0,238,0
481,24.05,0.0,0.0,0.0,0.9405,0,238,0
482,24.1,0.0,0.0,0.0,0.9405,0,238,0
483,24.150000000000002,0.0,0.0,0.0,0.9405,0,238,0
484,24.200000000000003,0.0,0.0,0.0,0.9405,0,238,0
485,24.25,0.0,0.0,0.0,0.9405,0,238,0
486,24.3,0.0,0.0,0.0,0.9405,0,238,0
487,24.35,0.0,0.0,0.0,0.9405,0,238,0
488,24.400000000000002,0.0,0.0,0.0,0.9405,0,238,0
489,24.450000000000003,0.0,0.0,0.0,0.9405,0,238,0
490,24.5,0.0,0.0,0.0,0.9405,0,238,0
491,24.55,0.0,0.0,0.0,0.9405,0,238,0
492,24.6,0.0,0.0,0.0,0.9405,0,238,0
493,24.650000000000002,0.0,0.0,0.0,0.9405,0,238,0
494,24.700000000000003,0.0,0.0,0.0,0.9405,0,238,0
495,24.75,0.0,0.0,0.0,0.9405,0,238,0
496,24.8,0.0,0.0,0.0,0.9405,0,238,0
497,24.85,0.0,0.0,0.0,0.9405,0,238,0
498,24.900000000000002,0.0,0.0,0.0,0.9405,0,238,0
499,24.950000000000003,0.0,0.0,0.0,0.9405,0,238,0
500,25.0,0.0,0.0,0.0,0.9405,0,238,0
501,25.05,0.0,0.0,0.0,0.9405,0,238,0
502,25.1,0.0,0.0,0.0,0.9405,0,238,0
503,25.150000000000002,0.0,0.0,0.0,0.9405,0,238,0
504,25.200000000000003,0.0,0.0,0.0,0.9405,0,238,0
505,25.25,0.0,0.0,0.0,0.9405,0,238,0
506,25.3,0.0,0.0,0.0,0.9405,0,238,0
507,25.35,0.0,0.0,0.0,0.9405,0,238,0
508,25.400000000000002,0.0,0.0,0.0,0.9405,0,238,0
509,25.450000000000003,0.0,0.0,0.0,0.9405,0,238,0
510,25.5,0.0,0.0,0.0,0.9405,0,238,0
511,25.55,0.0,0.0,0.0,0.9405,0,238,0
512,25.6,0.0,0.0,0.0,0.9405,0,238,0
513,25.650000000000002,0.0,0.0,0.0,0.9405,0,238,0
514,25.700000000000003,0.0,0.0,0.0,0.9405,0,238,0
515,25.75,0.0,0.0,0.0,0.9405,0,238,0
516,25.8,0.0,0.0,0.0,0.9405,0,238,0
517,25.85,0.0,0.0,0.0,0.9405,0,238,0
518,25.900000000000002,0.0,0.0,0.0,0.9405,0,238,0
519,25.950000000000003,0.0,0.0,0.0,0.9405,0,238,0
520,26.0,0.0,0.0,0.0,0.9405,0,238,0
521,26.05,0.0,0.0,0.0,0.9405,0,238,0
522,26.1,0.0,0.0,0.0,0.9405,0,238,0
523,26.150000000000002,0.0,0.0,0.0,0.9405,0,238,0
524,26.200000000000003,0.0,0.0,0.0,0.9405,0,238,0
525,26.25,0.0,0.0,0.0,0.9405,0,238,0
526,26.3,0.0,0.0,0.0,0.9405,0,238,0
527,26.35,0.0,0.0,0.0,0.9405,0,238,0
528,26.400000000000002,0.0,0.0,0.0,0.9405,0,238,0
529,26.450000000000003,0.0,0.0,0.0,0.9405,0,238,0
530,26.5,0.0,0.0,0.0,0.9405,0,238,0
531,26.55,0.0,0.0,0.0,0.9405,0,238,0
532,26.6,0.0,0.0,0.0,0.9405,0,238,0
533,26.650000000000002,0.0,0.0,0.0,0.9405,0,238,0
534,26.700000000000003,0.0,0.0,0.0,0.9405,0,238,0
535,26.75,0.0,0.0,0.0,0.9405,0,238,0
536,26.8,0.0,0.0,0.0,0.9405,0,238,0
537,26.85,0.0,0.0,0.0,0.9405,0,238,0
538,26.900000000000002,0.0,0.0,0.0,0.9405,0,238,0
539,26.950000000000003,0.0,0.0,0.0,0.9405,0,238,0
540,27.0,0.0,0.0,0.0,0.9405,0,238,0
541,27.05,0.0,0.0,0.0,0.9405,0,238,0
542,27.1,0.0,0.0,0.0,0.9405,0,238,0
543,27.150000000000002,0.0,0.0,0.0,0.9405,0,238,0
544,27.200000000000003,0.0,0.0,0.0,0.9405,0,238,0
545,27.25,0.0,0.0,0.0,0.9405,0,238,0
546,27.3,0.0,0.0,0.0,0.9405,0,238,0
547,27.35,0.0,0.0,0.0,0.9405,0,238,0
548,27.400000000000002,0.0,0.0,0.0,0.9405,0,238,0
549,27.450000000000003,0.0,0.0,0.0,0.9405,0,238,0
550,27.5,0.0,0.0,0.0,0.9405,0,238,0
551,27.55,0.0,0.0,0.0,0.9405,0,238,0
552,27.6,0.0,0.0,0.0,0.9405,0,238,0
553,27.650000000000002,0.0,0.0,0.0,0.9405,0,238,0
554,27.700000000000003,0.0,0.0,0.0,0.9405,0,238,0
555,27.75,0.0,0.0,0.0,0.9405,0,238,0
556,27.8,0.0,0.0,0.0,0.9405,0,238,0
557,27.85,0.0,0.0,0.0,0.9405,0,238,0
558,27.900000000000002,0.0,0.0,0.0,0.9405,0,238,0
559,27.950000000000003,0.0,0.0,0.0,0.9405,0,238,0
560,28.0,0.0,0.0,0.0,0.9405,0,238,0
561,28.05,0.0,0.0,0.0,0.9405,0,238,0
562,28.1,0.0,0.0,0.0,0.9405,0,238,0
563,28.150000000000002,0.0,0.0,0.0,0.9405,0,238,0
564,28.200000000000003,0.0,0.0,0.0,0.9405,0,238,0
565,28.25,0.0,0.0,0.0,0.9405,0,238,0
566,28.3,0.0,0.0,0.0,0.9405,0,238,0
567,28.35,0.0,0.0,0.0,0.9405,0,238,0
568,28.400000000000002,0.0,0.0,0.0,0.9405,0,238,0
569,28.450000000000003,0.0,0.0,0.0,0.9405,0,238,0
570,28.5,0.0,0.0,0.0,0.9405,0,238,0
571,28.55,0.0,0.0,0.0,0.9405,0,238,0
572,28.6,0.0,0.0,0.0,0.9405,0,238,0
573,28.650000000000002,0.0,0.0,0.0,0.9405,0,238,0
574,28.700000000000003,0.0,0.0,0.0,0.9405,0,238,0
575,28.75,0.0,0.0,0.0,0.9405,0,238,0
576,28.8,0.0,0.0,0.0,0.9405,0,238,0
577,28.85,0.0,0.0,0.0,0.9405,0,238,0
578,28.900000000000002,0.0,0.0,0.0,0.9405,0,238,0
579,28.950000000000003,0.0,0.0,0.0,0.9405,0,238,0
580,29.0,0.0,0.0,0.0,0.9405,0,238,0
581,29.05,0.0,0.0,0.0,0.9405,0,238,0
582,29.1,0.0,0.0,0.0,0.9405,0,238,0
583,29.150000000000002,0.0,0.0,0.0,0.9405,0,238,0
584,29.200000000000003,0.0,0.0,0.0,0.9405,0,238,0
585,29.25,0.0,0.0,0.0,0.9405,0,238,0
586,29.3,0.0,0.0,0.0,0.9405,0,238,0
587,29.35,0.0,0.0,0.0,0.9405,0,238,0
588,29.400000000000002,0.0,0.0,0.0,0.9405,0,238,0
589,29.450000000000003,0.0,0.0,0.0,0.9405,0,238,0
590,29.5,0.0,0.0,0.0,0.9405,0,238,0
591,29.55,0.0,0.0,0.0,0.9405,0,238,0
592,29.6,0.0,0.0,0.0,0.9405,0,238,0
593,29.650000000000002,0.0,0.0,0.0,0.9405,0,238,0
594,29.700000000000003,0.0,0.0,0.0,0.9405,0,238,0
595,29.75,0.0,0.0,0.0,0.9405,0,238,0
596,29.8,0.0,0.0,0.0,0.9405,0,238,0
597,29.85,0.0,0.0,0.0,0.9405,0,238,0
598,29.900000000000002,0.0,0.0,0.0,0.9405,0,238,0
599,29.950000000000003,0.0,0.0,0.0,0.9405,0,238,0
600,30.0,0.0,0.0,0.0,0.9405,0,238,0
601,30.05,0.0,0.0,0.0,0.9405,0,238,0
602,30.1,0.0,0.0,0.0,0.9405,0,238,0
603,30.150000000000002,0.0,0.0,0.0,0.9405,0,238,0
604,30.200000000000003,0.0,0.0,0.0,0.9405,0,238,0
605,30.25,0.0,0.0,0.0,0.9405,0,238,0
606,30.3,0.0,0.0,0.0,0.9405,0,238,0
607,30.35,0.0,0.0,0.0,0.9405,0,238,0
608,30.400000000000002,0.0,0.0,0.0,0.9405,0,238,0
609,30.450000000000003,0.0,0.0,0.0,0.9405,0,238,0
610,30.5,0.0,0.0,0.0,0.9405,0,238,0
611,30.55,0.0,0.0,0.0,0.9405,0,238,0
612,30.6,0.0,0.0,0.0,0.9405,0,238,0
613,30.650000000000002,0.0,0.0,0.0,0.9405,0,238,0
614,30.700000000000003,0.0,0.0,0.0,0.9405,0,238,0
615,30.75,0.0,0.0,0.0,0.9405,0,238,0
616,30.8,0.0,0.0,0.0,0.9405,0,238,0
617,30.85,0.0,0.0,0.0,0.9405,0,238,0
618,30.900000000000002,0.0,0.0,0.0,0.9405,0,238,0
619,30.950000000000003,0.0,0.0,0.0,0.9405,0,238,0
620,31.0,0.0,0.0,0.0,0.9405,0,238,0
621,31.05,0.0,0.0,0.0,0.9405,0,238,0
622,31.1,0.0,0.0,0.0,0.9405,0,238,0
623,31.150000000000002,0.0,0.0,0.0,0.9405,0,238,0
624,31.200000000000003,0.0,0.0,0.0,0.9405,0,238,0
625,31.25,0.0,0.0,0.0,0.9405,0,238,0
626,31.3,0.0,0.0,0.0,0.9405,0,238,0
627,31.35,0.0,0.0,0.0,0.9405,0,238,0
628,31.400000000000002,0.0,0.0,0.0,0.9405,0,238,0
629,31.450000000000003,0.0,0.0,0.0,0.9405,0,238,0
630,31.5,0.0,0.0,0.0,0.9405,0,238,0
631,31.55,0.0,0.0,0.0,0.9405,0,238,0
632,31.6,0.0,0.0,0.0,0.9405,0,238,0
633,31.650000000000002,0.0,0.0,0.0,0.9405,0,238,0
634,31.700000000000003,0.0,0.0,0.0,0.9405,0,238,0
635,31.75,0.0,0.0,0.0,0.9405,0,238,0
636,31.8,0.0,0.0,0.0,0.9405,0,238,0
637,31.85,0.0,0.0,0.0,0.9405,0,238,0
638,31.900000000000002,0.0,0.0,0.0,0.9405,0,238,0
639,31.950000000000003,0.0,0.0,0.0,0.9405,0,238,0
640,32.0,0.0,0.0,0.0,0.9405,0,238,0
641,32.050000000000004,0.0,0.0,0.0,0.9405,0,238,0
642,32.1,0.0,0.0,0.0,0.9405,0,238,0
643,32.15,0.0,0.0,0.0,0.9405,0,238,0
644,32.2,0.0,0.0,0.0,0.9405,0,238,0
645,32.25,0.0,0.0,0.0,0.9405,0,238,0
646,32.300000000000004,0.0,0.0,0.0,0.9405,0,238,0
647,32.35,0.0,0.0,0.0,0.9405,0,238,0
648,32.4,0.0,0.0,0.0,0.9405,0,238,0
649,32.45,0.0,0.0,0.0,0.9405,0,238,0
650,32.5,0.0,0.0,0.0,0.9405,0,238,0
651,32.550000000000004,0.0,0.0,0.0,0.9405,0,238,0
652,32.6,0.0,0.0,0.0,0.9405,0,238,0
653,32.65,0.0,0.0,0.0,0.9405,0,238,0
654,32.7,0.0,0.0,0.0,0.9405,0,238,0
655,32.75,0.0,0.0,0.0,0.9405,0,238,0
656,32.800000000000004,0.0,0.0,0.0,0.9405,0,238,0
657,32.85,0.0,0.0,0.0,0.9405,0,238,0
658,32.9,0.0,0.0,0.0,0.9405,0,238,0
659,32.95,0.0,0.0,0.0,0.9405,0,238,0
660,33.0,0.0,0.0,0.0,0.9405,0,238,0
661,33.050000000000004,0.0,0.0,0.0,0.9405,0,238,0
662,33.1,0.0,0.0,0.0,0.9405,0,238,0
663,33.15,0.0,0.0,0.0,0.9405,0,238,0
664,33.2,0.0,0.0,0.0,0.9405,0,238,0
665,33.25,0.0,0.0,0.0,0.9405,0,238,0
666,33.300000000000004,0.0,0.0,0.0,0.9405,0,238,0
667,33.35,0.0,0.0,0.0,0.9405,0,238,0
668,33.4,0.0,0.0,0.0,0.9405,0,238,0
669,33.45,0.0,0.0,0.0,0.9405,0,238,0
670,33.5,0.0,0.0,0.0,0.9405,0,238,0
671,33.550000000000004,0.0,0.0,0.0,0.9405,0,238,0
672,33.6,0.0,0.0,0.0,0.9405,0,238,0
673,33.65,0.0,0.0,0.0,0.9405,0,238,0
674,33.7,0.0,0.0,0.0,0.9405,0,238,0
675,33.75,0.0,0.0,0.0,0.9405,0,238,0
676,33.800000000000004,0.0,0.0,0.0,0.9405,0,238,0
677,33.85,0.0,0.0,0.0,0.9405,0,238,0
678,33.9,0.0,0.0,0.0,0.9405,0,238,0
679,33.95,0.0,0.0,0.0,0.9405,0,238,0
680,34.0,0.0,0.0,0.0,0.9405,0,238,0
681,34.050000000000004,0.0,0.0,0.0,0.9405,0,238,0
682,34.1,0.0,0.0,0.0,0.9405,0,238,0
683,34.15,0.0,0.0,0.0,0.9405,0,238,0
684,34.2,0.0,0.0,0.0,0.9405,0,238,0
685,34.25,0.0,0.0,0.0,0.9405,0,238,0
686,34.300000000000004,0.0,0.0,0.0,0.9405,0,238,0
687,34.35,0.0,0.0,0.0,0.9405,0,238,0
688,34.4,0.0,0.0,0.0,0.9405,0,238,0
689,34.45,0.0,0.0,0.0,0.9405,0,238,0
690,34.5,0.0,0.0,0.0,0.9405,0,238,0
691,34.550000000000004,0.0,0.0,0.0,0.9405,0,238,0
692,34.6,0.0,0.0,0.0,0.9405,0,238,0
693,34.65,0.0,0.0,0.0,0.9405,0,238,0
694,34.7,0.0,0.0,0.0,0.9405,0,238,0
695,34.75,0.0,0.0,0.0,0.9405,0,238,0
696,34.800000000000004,0.0,0.0,0.0,0.9405,0,238,0
697,34.85,0.0,0.0,0.0,0.9405,0,238,0
698,34.9,0.0,0.0,0.0,0.9405,0,238,0
699,34.95,0.0,0.0,0.0,0.9405,0,238,0
700,35.0,0.0,0.0,0.0,0.9405,0,238,0
701,35.050000000000004,0.0,0.0,0.0,0.9405,0,238,0
702,35.1,0.0,0.0,0.0,0.9405,0,238,0
703,35.15,0.0,0.0,0.0,0.9405,0,238,0
704,35.2,0.0,0.0,0.0,0.9405,0,238,0
705,35.25,0.0,0.0,0.0,0.9405,0,238,0
706,35.300000000000004,0.0,0.0,0.0,0.9405,0,238,0
707,35.35,0.0,0.0,0.0,0.9405,0,238,0
708,35.4,0.0,0.0,0.0,0.9405,0,238,0
709,35.45,0.0,0.0,0.0,0.9405,0,238,0
710,35.5,0.0,0.0,0.0,0.9405,0,238,0
711,35.550000000000004,0.0,0.0,0.0,0.9405,0,238,0
712,35.6,0.0,0.0,0.0,0.9405,0,238,0
713,35.65,0.0,0.0,0.0,0.9405,0,238,0
714,35.7,0.0,0.0,0.0,0.9405,0,238,0
715,35.75,0.0,0.0,0.0,0.9405,0,238,0
716,35.800000000000004,0.0,0.0,0.0,0.9405,0,238,0
717,35.85,0.0,0.0,0.0,0.9405,0,238,0
718,35.9,0.0,0.0,0.0,0.9405,0,238,0
719,35.95,0.0,0.0,0.0,0.9405,0,238,0
720,36.0,0.0,0.0,0.0,0.9405,0,238,0
721,36.050000000000004,0.0,0.0,0.0,0.9405,0,238,0
722,36.1,0.0,0.0,0.0,0.9405,0,238,0
723,36.15,0.0,0.0,0.0,0.9405,0,238,0
724,36.2,0.0,0.0,0.0,0.9405,0,238,0
725,36.25,0.0,0.0,0.0,0.9405,0,238,0
726,36.300000000000004,0.0,0.0,0.0,0.9405,0,238,0
727,36.35,0.0,0.0,0.0,0.9405,0,238,0
728,36.4,0.0,0.0,0.0,0.9405,0,238,0
729,36.45,0.0,0.0,0.0,0.9405,0,238,0
730,36.5,0.0,0.0,0.0,0.9405,0,238,0
731,36.550000000000004,0.0,0.0,0.0,0.9405,0,238,0
732,36.6,0.0,0.0,0.0,0.9405,0,238,0
733,36.65,0.0,0.0,0.0,0.9405,0,238,0
734,36.7,0.0,0.0,0.0,0.9405,0,238,0
735,36.75,0.0,0.0,0.0,0.9405,0,238,0
736,36.800000000000004,0.0,0.0,0.0,0.9405,0,238,0
737,36.85,0.0,0.0,0.0,0.9405,0,238,0
738,36.9,0.0,0.0,0.0,0.9405,0,238,0
739,36.95,0.0,0.0,0.0,0.9405,0,238,0
740,37.0,0.0,0.0,0.0,0.9405,0,238,0
741,37.050000000000004,0.0,0.0,0.0,0.9405,0,238,0
742,37.1,0.0,0.0,0.0,0.9405,0,238,0
743,37.15,0.0,0.0,0.0,0.9405,0,238,0
744,37.2,0.0,0.0,0.0,0.9405,0,238,0
745,37.25,0.0,0.0,0.0,0.9405,0,238,0
746,37.300000000000004,0.0,0.0,0.0,0.9405,0,238,0
747,37.35,0.0,0.0,0.0,0.9405,0,238,0
748,37.4,0.0,0.0,0.0,0.9405,0,238,0
749,37.45,0.0,0.0,0.0,0.9405,0,238,0
750,37.5,0.0,0.0,0.0,0.9405,0,238,0
751,37.550000000000004,0.0,0.0,0.0,0.9405,0,238,0
752,37.6,0.0,0.0,0.0,0.9405,0,238,0
753,37.65,0.0,0.0,0.0,0.9405,0,238,0
754,37.7,0.0,0.0,0.0,0.9405,0,238,0
755,37.75,0.0,0.0,0.0,0.9405,0,238,0
756,37.800000000000004,0.0,0.0,0.0,0.9405,0,238,0
757,37.85,0.0,0.0,0.0,0.9405,0,238,0
758,37.9,0.0,0.0,0.0,0.9405,0,238,0
759,37.95,0.0,0.0,0.0,0.9405,0,238,0
760,38.0,0.0,0.0,0.0,0.9405,0,238,0
761,38.050000000000004,0.0,0.0,0.0,0.9405,0,238,0
762,38.1,0.0,0.0,0.0,0.9405,0,238,0
763,38.15,0.0,0.0,0.0,0.9405,0,238,0
764,38.2,0.0,0.0,0.0,0.9405,0,238,0
765,38.25,0.0,0.0,0.0,0.9405,0,238,0
766,38.300000000000004,0.0,0.0,0.0,0.9405,0,238,0
767,38.35,0.0,0.0,0.0,0.9405,0,238,0
768,38.400000000000006,0.0,0.0,0.0,0.9405,0,238,0
769,38.45,0.0,0.0,0.0,0.9405,0,238,0
770,38.5,0.0,0.0,0.0,0.9405,0,238,0
771,38.550000000000004,0.0,0.0,0.0,0.9405,0,238,0
772,38.6,0.0,0.0,0.0,0.9405,0,238,0
773,38.650000000000006,0.0,0.0,0.0,0.9405,0,238,0
774,38.7,0.0,0.0,0.0,0.9405,0,238,0
775,38.75,0.0,0.0,0.0,0.9405,0,238,0
776,38.800000000000004,0.0,0.0,0.0,0.9405,0,238,0
777,38.85,0.0,0.0,0.0,0.9405,0,238,0
778,38.900000000000006,0.0,0.0,0.0,0.9405,0,238,0
779,38.95,0.0,0.0,0.0,0.9405,0,238,0
780,39.0,0.0,0.0,0.0,0.9405,0,238,0
781,39.050000000000004,0.0,0.0,0.0,0.9405,0,238,0
782,39.1,0.0,0.0,0.0,0.9405,0,238,0
783,39.150000000000006,0.0,0.0,0.0,0.9405,0,238,0
784,39.2,0.0,0.0,0.0,0.9405,0,238,0
785,39.25,0.0,0.0,0.0,0.9405,0,238,0
786,39.300000000000004,0.0,0.0,0.0,0.9405,0,238,0
787,39.35,0.0,0.0,0.0,0.9405,0,238,0
788,39.400000000000006,0.0,0.0,0.0,0.9405,0,238,0
789,39.45,0.0,0.0,0.0,0.9405,0,238,0
790,39.5,0.0,0.0,0.0,0.9405,0,238,0
791,39.550000000000004,0.0,0.0,0.0,0.9405,0,238,0
792,39.6,0.0,0.0,0.0,0.9405,0,238,0
793,39.650000000000006,0.0,0.0,0.0,0.9405,0,238,0
794,39.7,0.0,0.0,0.0,0.9405,0,238,0
795,39.75,0.0,0.0,0.0,0.9405,0,238,0
796,39.800000000000004,0.0,0.0,0.0,0.9405,0,238,0
797,39.85,0.0,0.0,0.0,0.9405,0,238,0
798,39.900000000000006,0.0,0.0,0.0,0.9405,0,238,0
799,39.95,0.0,0.0,0.0,0.9405,0,238,0
800,40.0,0.0,0.0,0.0,0.9405,0,238,0
801,40.050000000000004,0.0,0.0,0.0,0.9405,0,238,0
802,40.1,0.0,0.0,0.0,0.9405,0,238,0
803,40.150000000000006,0.0,0.0,0.0,0.9405,0,238,0
804,40.2,0.0,0.0,0.0,0.9405,0,238,0
805,40.25,0.0,0.0,0.0,0.9405,0,238,0
806,40.300000000000004,0.0,0.0,0.0,0.9405,0,238,0
807,40.35,0.0,0.0,0.0,0.9405,0,238,0
808,40.400000000000006,0.0,0.0,0.0,0.9405,0,238,0
809,40.45,0.0,0.0,0.0,0.9405,0,238,0
810,40.5,0.0,0.0,0.0,0.9405,0,238,0
811,40.550000000000004,0.0,0.0,0.0,0.9405,0,238,0
812,40.6,0.0,0.0,0.0,0.9405,0,238,0
813,40.650000000000006,0.0,0.0,0.0,0.9405,0,238,0
814,40.7,0.0,0.0,0.0,0.9405,0,238,0
815,40.75,0.0,0.0,0.0,0.9405,0,238,0
816,40.800000000000004,0.0,0.0,0.0,0.9405,0,238,0
817,40.85,0.0,0.0,0.0,0.9405,0,238,0
818,40.900000000000006,0.0,0.0,0.0,0.9405,0,238,0
819,40.95,0.0,0.0,0.0,0.9405,0,238,0
820,41.0,0.0,0.0,0.0,0.9405,0,238,0
821,41.050000000000004,0.0,0.0,0.0,0.9405,0,238,0
822,41.1,0.0,0.0,0.0,0.9405,0,238,0
823,41.150000000000006,0.0,0.0,0.0,0.9405,0,238,0
824,41.2,0.0,0.0,0.0,0.9405,0,238,0
825,41.25,0.0,0.0,0.0,0.9405,0,238,0
826,41.300000000000004,0.0,0.0,0.0,0.9405,0,238,0
827,41.35,0.0,0.0,0.0,0.9405,0,238,0
828,41.400000000000006,0.0,0.0,0.0,0.9405,0,238,0
829,41.45,0.0,0.0,0.0,0.9405,0,238,0
830,41.5,0.0,0.0,0.0,0.9405,0,238,0
831,41.550000000000004,0.0,0.0,0.0,0.9405,0,238,0
832,41.6,0.0,0.0,0.0,0.9405,0,238,0
833,41.650000000000006,0.0,0.0,0.0,0.9405,0,238,0
834,41.7,0.0,0.0,0.0,0.9405,0,238,0
835,41.75,0.0,0.0,0.0,0.9405,0,238,0
836,41.800000000000004,0.0,0.0,0.0,0.9405,0,238,0
837,41.85,0.0,0.0,0.0,0.9405,0,238,0
838,41.900000000000006,0.0,0.0,0.0,0.9405,0,238,0
839,41.95,0.0,0.0,0.0,0.9405,0,238,0
840,42.0,0.0,0.0,0.0,0.9405,0,238,0
841,42.050000000000004,0.0,0.0,0.0,0.9405,0,238,0
842,42.1,0.0,0.0,0.0,0.9405,0,238,0
843,42.150000000000006,0.0,0.0,0.0,0.9405,0,238,0
844,42.2,0.0,0.0,0.0,0.9405,0,238,0
845,42.25,0.0,0.0,0.0,0.9405,0,238,0
846,42.300000000000004,0.0,0.0,0.0,0.9405,0,238,0
847,42.35,0.0,0.0,0.0,0.9405,0,238,0
848,42.400000000000006,0.0,0.0,0.0,0.9405,0,238,0
849,42.45,0.0,0.0,0.0,0.9405,0,238,0
850,42.5,0.0,0.0,0.0,0.9405,0,238,0
851,42.550000000000004,0.0,0.0,0.0,0.9405,0,238,0
852,42.6,0.0,0.0,0.0,0.9405,0,238,0
853,42.650000000000006,0.0,0.0,0.0,0.9405,0,238,0
854,42.7,0.0,0.0,0.0,0.9405,0,238,0
855,42.75,0.0,0.0,0.0,0.9405,0,238,0
856,42.800000000000004,0.0,0.0,0.0,0.9405,0,238,0
857,42.85,0.0,0.0,0.0,0.9405,0,238,0
858,42.900000000000006,0.0,0.0,0.0,0.9405,0,238,0
859,42.95,0.0,0.0,0.0,0.9405,0,238,0
860,43.0,0.0,0.0,0.0,0.9405,0,238,0
861,43.050000000000004,0.0,0.0,0.0,0.9405,0,238,0
862,43.1,0.0,0.0,0.0,0.9405,0,238,0
863,43.150000000000006,0.0,0.0,0.0,0.9405,0,238,0
864,43.2,0.0,0.0,0.0,0.9405,0,238,0
865,43.25,0.0,0.0,0.0,0.9405,0,238,0
866,43.300000000000004,0.0,0.0,0.0,0.9405,0,238,0
867,43.35,0.0,0.0,0.0,0.9405,0,238,0
868,43.400000000000006,0.0,0.0,0.0,0.9405,0,238,0
869,43.45,0.0,0.0,0.0,0.9405,0,238,0
870,43.5,0.0,0.0,0.0,0.9405,0,238,0
871,43.550000000000004,0.0,0.0,0.0,0.9405,0,238,0
872,43.6,0.0,0.0,0.0,0.9405,0,238,0
873,43.650000000000006,0.0,0.0,0.0,0.9405,0,238,0
874,43.7,0.0,0.0,0.0,0.9405,0,238,0
875,43.75,0.0,0.0,0.0,0.9405,0,238,0
876,43.800000000000004,0.0,0.0,0.0,0.9405,0,238,0
877,43.85,0.0,0.0,0.0,0.9405,0,238,0
878,43.900000000000006,0.0,0.0,0.0,0.9405,0,238,0
879,43.95,0.0,0.0,0.0,0.9405,0,238,0
880,44.0,0.0,0.0,0.0,0.9405,0,238,0
881,44.050000000000004,0.0,0.0,0.0,0.9405,0,238,0
882,44.1,0.0,0.0,0.0,0.9405,0,238,0
883,44.150000000000006,0.0,0.0,0.0,0.9405,0,238,0
884,44.2,0.0,0.0,0.0,0.9405,0,238,0
885,44.25,0.0,0.0,0.0,0.9405,0,238,0
886,44.300000000000004,0.0,0.0,0.0,0.9405,0,238,0
887,44.35,0.0,0.0,0.0,0.9405,0,238,0
888,44.400000000000006,0.0,0.0,0.0,0.9405,0,238,0
889,44.45,0.0,0.0,0.0,0.9405,0,238,0
890,44.5,0.0,0.0,0.0,0.9405,0,238,0
891,44.550000000000004,0.0,0.0,0.0,0.9405,0,238,0
892,44.6,0.0,0.0,0.0,0.9405,0,238,0
893,44.650000000000006,0.0,0.0,0.0,0.9405,0,238,0
894,44.7,0.0,0.0,0.0,0.9405,0,238,0
895,44.75,0.0,0.0,0.0,0.9405,0,238,0
896,44.800000000000004,0.0,0.0,0.0,0.9405,0,238,0
897,44.85,0.0,0.0,0.0,0.9405,0,238,0
898,44.900000000000006,0.0,0.0,0.0,0.9405,0,238,0
899,44.95,0.0,0.0,0.0,0.9405,0,238,0
900,45.0,0.0,0.0,0.0,0.9405,0,238,0
901,45.050000000000004,0.0,0.0,0.0,0.9405,0,238,0
902,45.1,0.0,0.0,0.0,0.9405,0,238,0
903,45.150000000000006,0.0,0.0,0.0,0.9405,0,238,0
904,45.2,0.0,0.0,0.0,0.9405,0,238,0
905,45.25,0.0,0.0,0.0,0.9405,0,238,0
906,45.300000000000004,0.0,0.0,0.0,0.9405,0,238,0
907,45.35,0.0,0.0,0.0,0.9405,0,238,0
908,45.400000000000006,0.0,0.0,0.0,0.9405,0,238,0
909,45.45,0.0,0.0,0.0,0.9405,0,238,0
910,45.5,0.0,0.0,0.0,0.9405,0,238,0
911,45.550000000000004,0.0,0.0,0.0,0.9405,0,238,0
912,45.6,0.0,0.0,0.0,0.9405,0,238,0
913,45.650000000000006,0.0,0.0,0.0,0.9405,0,238,0
914,45.7,0.0,0.0,0.0,0.9405,0,238,0
915,45.75,0.0,0.0,0.0,0.9405,0,238,0
916,45.800000000000004,0.0,0.0,0.0,0.9405,0,238,0
917,45.85,0.0,0.0,0.0,0.9405,0,238,0
918,45.900000000000006,0.0,0.0,0.0,0.9405,0,238,0
919,45.95,0.0,0.0,0.0,0.9405,0,238,0
920,46.0,0.0,0.0,0.0,0.9405,0,238,0
921,46.050000000000004,0.0,0.0,0.0,0.9405,0,238,0
922,46.1,0.0,0.0,0.0,0.9405,0,238,0
923,46.150000000000006,0.0,0.0,0.0,0.9405,0,238,0
924,46.2,0.0,0.0,0.0,0.9405,0,238,0
925,46.25,0.0,0.0,0.0,0.9405,0,238,0
926,46.300000000000004,0.0,0.0,0.0,0.9405,0,238,0
927,46.35,0.0,0.0,0.0,0.9405,0,238,0
928,46.400000000000006,0.0,0.0,0.0,0.9405,0,238,0
929,46.45,0.0,0.0,0.0,0.9405,0,238,0
930,46.5,0.0,0.0,0.0,0.9405,0,238,0
931,46.550000000000004,0.0,0.0,0.0,0.9405,0,238,0
932,46.6,0.0,0.0,0.0,0.9405,0,238,0
933,46.650000000000006,0.0,0.0,0.0,0.9405,0,238,0
934,46.7,0.0,0.0,0.0,0.9405,0,238,0
935,46.75,0.0,0.0,0.0,0.9405,0,238,0
936,46.800000000000004,0.0,0.0,0.0,0.9405,0,238,0
937,46.85,0.0,0.0,0.0,0.9405,0,238,0
938,46.900000000000006,0.0,0.0,0.0,0.9405,0,238,0
939,46.95,0.0,0.0,0.0,0.9405,0,238,0
940,47.0,0.0,0.0,0.0,0.9405,0,238,0
941,47.050000000000004,0.0,0.0,0.0,0.9405,0,238,0
942,47.1,0.0,0.0,0.0,0.9405,0,238,0
943,47.150000000000006,0.0,0.0,0.0,0.9405,0,238,0
944,47.2,0.0,0.0,0.0,0.9405,0,238,0
945,47.25,0.0,0.0,0.0,0.9405,0,238,0
946,47.300000000000004,0.0,0.0,0.0,0.9405,0,238,0
947,47.35,0.0,0.0,0.0,0.9405,0,238,0
948,47.400000000000006,0.0,0.0,0.0,0.9405,0,238,0
949,47.45,0.0,0.0,0.0,0.9405,0,238,0
950,47.5,0.0,0.0,0.0,0.9405,0,238,0
951,47.550000000000004,0.0,0.0,0.0,0.9405,0,238,0
952,47.6,0.0,0.0,0.0,0.9405,0,238,0
953,47.650000000000006,0.0,0.0,0.0,0.9405,0,238,0
954,47.7,0.0,0.0,0.0,0.9405,0,238,0
955,47.75,0.0,0.0,0.0,0.9405,0,238,0
956,47.800000000000004,0.0,0.0,0.0,0.9405,0,238,0
957,47.85,0.0,0.0,0.0,0.9405,0,238,0
958,47.900000000000006,0.0,0.0,0.0,0.9405,0,238,0
959,47.95,0.0,0.0,0.0,0.9405,0,238,0
960,48.0,0.0,0.0,0.0,0.9405,0,238,0
961,48.050000000000004,0.0,0.0,0.0,0.9405,0,238,0
962,48.1,0.0,0.0,0.0,0.9405,0,238,0
963,48.150000000000006,0.0,0.0,0.0,0.9405,0,238,0
964,48.2,0.0,0.0,0.0,0.9405,0,238,0
965,48.25,0.0,0.0,0.0,0.9405,0,238,0
966,48.300000000000004,0.0,0.0,0.0,0.9405,0,238,0
967,48.35,0.0,0.0,0.0,0.9405,0,238,0
968,48.400000000000006,0.0,0.0,0.0,0.9405,0,238,0
969,48.45,0.0,0.0,0.0,0.9405,0,238,0
970,48.5,0.0,0.0,0.0,0.9405,0,238,0
971,48.550000000000004,0.0,0.0,0.0,0.9405,0,238,0
972,48.6,0.0,0.0,0.0,0.9405,0,238,0
973,48.650000000000006,0.0,0.0,0.0,0.9405,0,238,0
974,48.7,0.0,0.0,0.0,0.9405,0,238,0
975,48.75,0.0,0.0,0.0,0.9405,0,238,0
976,48.800000000000004,0.0,0.0,0.0,0.9405,0,238,0
977,48.85,0.0,0.0,0.0,0.9405,0,238,0
978,48.900000000000006,0.0,0.0,0.0,0.9405,0,238,0
979,48.95,0.0,0.0,0.0,0.9405,0,238,0
980,49.0,0.0,0.0,0.0,0.9405,0,238,0
981,49.050000000000004,0.0,0.0,0.0,0.9405,0,238,0
982,49.1,0.0,0.0,0.0,0.9405,0,238,0
983,49.150000000000006,0.0,0.0,0.0,0.9405,0,238,0
984,49.2,0.0,0.0,0.0,0.9405,0,238,0
985,49.25,0.0,0.0,0.0,0.9405,0,238,0
986,49.300000000000004,0.0,0.0,0.0,0.9405,0,238,0
987,49.35,0.0,0.0,0.0,0.9405,0,238,0
988,49.400000000000006,0.0,0.0,0.0,0.9405,0,238,0
989,49.45,0.0,0.0,0.0,0.9405,0,238,0
990,49.5,0.0,0.0,0.0,0.9405,0,238,0
991,49.550000000000004,0.0,0.0,0.0,0.9405,0,238,0
992,49.6,0.0,0.0,0.0,0.9405,0,238,0
993,49.650000000000006,0.0,0.0,0.0,0.9405,0,238,0
994,49.7,0.0,0.0,0.0,0.9405,0,238,0
995,49.75,0.0,0.0,0.0,0.9405,0,238,0
996,49.800000000000004,0.0,0.0,0.0,0.9405,0,238,0
997,49.85,0.0,0.0,0.0,0.9405,0,238,0
998,49.900000000000006,0.0,0.0,0.0,0.9405,0,238,0
999,49.95,0.0,0.0,0.0,0.9405,0,238,0
1000,50.0,0.0,0.0,0.0,0.9405,0,238,0
1001,50.050000000000004,0.0,0.0,0.0,0.9405,0,238,0
1002,50.1,0.0,0.0,0.0,0.9405,0,238,0
1003,50.150000000000006,0.0,0.0,0.0,0.9405,0,238,0
1004,50.2,0.0,0.0,0.0,0.9405,0,238,0
1005,50.25,0.0,0.0,0.0,0.9405,0,238,0
1006,50.300000000000004,0.0,0.0,0.0,0.9405,0,238,0
1007,50.35,0.0,0.0,0.0,0.9405,0,238,0
1008,50.400000000000006,0.0,0.0,0.0,0.9405,0,238,0
1009,50.45,0.0,0.0,0.0,0.9405,0,238,0
1010,50.5,0.0,0.0,0.0,0.9405,0,238,0
1011,50.550000000000004,0.0,0.0,0.0,0.9405,0,238,0
1012,50.6,0.0,0.0,0.0,0.9405,0,238,0
1013,50.650000000000006,0.0,0.0,0.0,0.9405,0,238,0
1014,50.7,0.0,0.0,0.0,0.9405,0,238,0
1015,50.75,0.0,0.0,0.0,0.9405,0,238,0
1016,50.800000000000004,0.0,0.0,0.0,0.9405,0,238,0
1017,50.85,0.0,0.0,0.0,0.9405,0,238,0
1018,50.900000000000006,0.0,0.0,0.0,0.9405,0,238,0
1019,50.95,0.0,0.0,0.0,0.9405,0,238,0
1020,51.0,0.0,0.0,0.0,0.9405,0,238,0
1021,51.050000000000004,0.0,0.0,0.0,0.9405,0,238,0
1022,51.1,0.0,0.0,0.0,0.9405,0,238,0
1023,51.150000000000006,0.0,0.0,0.0,0.9405,0,238,0
1024,51.2,0.0,0.0,0.0,0.9405,0,238,0
1025,51.25,0.0,0.0,0.0,0.9405,0,238,0
1026,51.300000000000004,0.0,0.0,0.0,0.9405,0,238,0
1027,51.35,0.0,0.0,0.0,0.9405,0,238,0
1028,51.400000000000006,0.0,0.0,0.0,0.9405,0,238,0
1029,51.45,0.0,0.0,0.0,0.9405,0,238,0
1030,51.5,0.0,0.0,0.0,0.9405,0,238,0
1031,51.550000000000004,0.0,0.0,0.0,0.9405,0,238,0
1032,51.6,0.0,0.0,0.0,0.9405,0,238,0
1033,51.650000000000006,0.0,0.0,0.0,0.9405,0,238,0
1034,51.7,0.0,0.0,0.0,0.9405,0,238,0
1035,51.75,0.0,0.0,0.0,0.9405,0,238,0
1036,51.800000000000004,0.0,0.0,0.0,0.9405,0,238,0
1037,51.85,0.0,0.0,0.0,0.9405,0,238,0
1038,51.900000000000006,0.0,0.0,0.0,0.9405,0,238,0
1039,51.95,0.0,0.0,0.0,0.9405,0,238,0
1040,52.0,0.0,0.0,0.0,0.9405,0,238,0
1041,52.050000000000004,0.0,0.0,0.0,0.9405,0,238,0
1042,52.1,0.0,0.0,0.0,0.9405,0,238,0
1043,52.150000000000006,0.0,0.0,0.0,0.9405,0,238,0
1044,52.2,0.0,0.0,0.0,0.9405,0,238,0
1045,52.25,0.0,0.0,0.0,0.9405,0,238,0
1046,52.300000000000004,0.0,0.0,0.0,0.9405,0,238,0
1047,52.35,0.0,0.0,0.0,0.9405,0,238,0
1048,52.400000000000006,0.0,0.0,0.0,0.9405,0,238,0
1049,52.45,0.0,0.0,0.0,0.9405,0,238,0
1050,52.5,0.0,0.0,0.0,0.9405,0,238,0
1051,52.550000000000004,0.0,0.0,0.0,0.9405,0,238,0
1052,52.6,0.0,0.0,0.0,0.9405,0,238,0
1053,52.650000000000006,0.0,0.0,0.0,0.9405,0,238,0
1054,52.7,0.0,0.0,0.0,0.9405,0,238,0
1055,52.75,0.0,0.0,0.0,0.9405,0,238,0
1056,52.800000000000004,0.0,0.0,0.0,0.9405,0,238,0
1057,52.85,0.0,0.0,0.0,0.9405,0,238,0
1058,52.900000000000006,0.0,0.0,0.0,0.9405,0,238,0
1059,52.95,0.0,0.0,0.0,0.9405,0,238,0
1060,53.0,0.0,0.0,0.0,0.9405,0,238,0
1061,53.050000000000004,0.0,0.0,0.0,0.9405,0,238,0
1062,53.1,0.0,0.0,0.0,0.9405,0,238,0
1063,53.150000000000006,0.0,0.0,0.0,0.9405,0,238,0
1064,53.2,0.0,0.0,0.0,0.9405,0,238,0
1065,53.25,0.0,0.0,0.0,0.9405,0,238,0
1066,53.300000000000004,0.0,0.0,0.0,0.9405,0,238,0
1067,53.35,0.0,0.0,0.0,0.9405,0,238,0
1068,53.400000000000006,0.0,0.0,0.0,0.9405,0,238,0
1069,53.45,0.0,0.0,0.0,0.9405,0,238,0
1070,53.5,0.0,0.0,0.0,0.9405,0,238,0
1071,53.550000000000004,0.0,0.0,0.0,0.9405,0,238,0
1072,53.6,0.0,0.0,0.0,0.9405,0,238,0
1073,53.650000000000006,0.0,0.0,0.0,0.9405,0,238,0
1074,53.7,0.0,0.0,0.0,0.9405,0,238,0
1075,53.75,0.0,0.0,0.0,0.9405,0,238,0
1076,53.800000000000004,0.0,0.0,0.0,0.9405,0,238,0
1077,53.85,0.0,0.0,0.0,0.9405,0,238,0
1078,53.900000000000006,0.0,0.0,0.0,0.9405,0,238,0
1079,53.95,0.0,0.0,0.0,0.9405,0,238,0
1080,54.0,0.0,0.0,0.0,0.9405,0,238,0
1081,54.050000000000004,0.0,0.0,0.0,0.9405,0,238,0
1082,54.1,0.0,0.0,0.0,0.9405,0,238,0
1083,54.150000000000006,0.0,0.0,0.0,0.9405,0,238,0
1084,54.2,0.0,0.0,0.0,0.9405,0,238,0
1085,54.25,0.0,0.0,0.0,0.9405,0,238,0
1086,54.300000000000004,0.0,0.0,0.0,0.9405,0,238,0
1087,54.35,0.0,0.0,0.0,0.9405,0,238,0
1088,54.400000000000006,0.0,0.0,0.0,0.9405,0,238,0
1089,54.45,0.0,0.0,0.0,0.9405,0,238,0
1090,54.5,0.0,0.0,0.0,0.9405,0,238,0
1091,54.550000000000004,0.0,0.0,0.0,0.9405,0,238,0
1092,54.6,0.0,0.0,0.0,0.9405,0,238,0
1093,54.650000000000006,0.0,0.0,0.0,0.9405,0,238,0
1094,54.7,0.0,0.0,0.0,0.9405,0,238,0
1095,54.75,0.0,0.0,0.0,0.9405,0,238,0
1096,54.800000000000004,0.0,0.0,0.0,0.9405,0,238,0
1097,54.85,0.0,0.0,0.0,0.9405,0,238,0
1098,54.900000000000006,0.0,0.0,0.0,0.9405,0,238,0
1099,54.95,0.0,0.0,0.0,0.9405,0,238,0
1100,55.0,0.0,0.0,0.0,0.9405,0,238,0
1101,55.050000000000004,0.0,0.0,0.0,0.9405,0,238,0
1102,55.1,0.0,0.0,0.0,0.9405,0,238,0
1103,55.150000000000006,0.0,0.0,0.0,0.9405,0,238,0
1104,55.2,0.0,0.0,0.0,0.9405,0,238,0
1105,55.25,0.0,0.0,0.0,0.9405,0,238,0
1106,55.300000000000004,0.0,0.0,0.0,0.9405,0,238,0
1107,55.35,0.0,0.0,0.0,0.9405,0,238,0
1108,55.400000000000006,0.0,0.0,0.0,0.9405,0,238,0
1109,55.45,0.0,0.0,0.0,0.9405,0,238,0
1110,55.5,0.0,0.0,0.0,0.9405,0,238,0
1111,55.550000000000004,0.0,0.0,0.0,0.9405,0,238,0
1112,55.6,0.0,0.0,0.0,0.9405,0,238,0
1113,55.650000000000006,0.0,0.0,0.0,0.9405,0,238,0
1114,55.7,0.0,0.0,0.0,0.9405,0,238,0
1115,55.75,0.0,0.0,0.0,0.9405,0,238,0
1116,55.800000000000004,0.0,0.0,0.0,0.9405,0,238,0
1117,55.85,0.0,0.0,0.0,0.9405,0,238,0
1118,55.900000000000006,0.0,0.0,0.0,0.9405,0,238,0
1119,55.95,0.0,0.0,0.0,0.9405,0,238,0
1120,56.0,0.0,0.0,0.0,0.9405,0,238,0
1121,56.050000000000004,0.0,0.0,0.0,0.9405,0,238,0
1122,56.1,0.0,0.0,0.0,0.9405,0,238,0
1123,56.150000000000006,0.0,0.0,0.0,0.9405,0,238,0
1124,56.2,0.0,0.0,0.0,0.9405,0,238,0
1125,56.25,0.0,0.0,0.0,0.9405,0,238,0
1126,56.300000000000004,0.0,0.0,0.0,0.9405,0,238,0
1127,56.35,0.0,0.0,0.0,0.9405,0,238,0
1128,56.400000000000006,0.0,0.0,0.0,0.9405,0,238,0
1129,56.45,0.0,0.0,0.0,0.9405,0,238,0
1130,56.5,0.0,0.0,0.0,0.9405,0,238,0
1131,56.550000000000004,0.0,0.0,0.0,0.9405,0,238,0
1132,56.6,0.0,0.0,0.0,0.9405,0,238,0
1133,56.650000000000006,0.0,0.0,0.0,0.9405,0,238,0
1134,56.7,0.0,0.0,0.0,0.9405,0,238,0
1135,56.75,0.0,0.0,0.0,0.9405,0,238,0
1136,56.800000000000004,0.0,0.0,0.0,0.9405,0,238,0
1137,56.85,0.0,0.0,0.0,0.9405,0,238,0
1138,56.900000000000006,0.0,0.0,0.0,0.9405,0,238,0
1139,56.95,0.0,0.0,0.0,0.9405,0,238,0
1140,57.0,0.0,0.0,0.0,0.9405,0,238,0
1141,57.050000000000004,0.0,0.0,0.0,0.9405,0,238,0
1142,57.1,0.0,0.0,0.0,0.9405,0,238,0
1143,57.150000000000006,0.0,0.0,0.0,0.9405,0,238,0
1144,57.2,0.0,0.0,0.0,0.9405,0,238,0
1145,57.25,0.0,0.0,0.0,0.9405,0,238,0
1146,57.300000000000004,0.0,0.0,0.0,0.9405,0,238,0
1147,57.35,0.0,0.0,0.0,0.9405,0,238,0
1148,57.400000000000006,0.0,0.0,0.0,0.9405,0,238,0
1149,57.45,0.0,0.0,0.0,0.9405,0,238,0
1150,57.5,0.0,0.0,0.0,0.9405,0,238,0
1151,57.550000000000004,0.0,0.0,0.0,0.9405,0,238,0
1152,57.6,0.0,0.0,0.0,0.9405,0,238,0
1153,57.650000000000006,0.0,0.0,0.0,0.9405,0,238,0
1154,57.7,0.0,0.0,0.0,0.9405,0,238,0
1155,57.75,0.0,0.0,0.0,0.9405,0,238,0
1156,57.800000000000004,0.0,0.0,0.0,0.9405,0,238,0
1157,57.85,0.0,0.0,0.0,0.9405,0,238,0
1158,57.900000000000006,0.0,0.0,0.0,0.9405,0,238,0
1159,57.95,0.0,0.0,0.0,0.9405,0,238,0
1160,58.0,0.0,0.0,0.0,0.9405,0,238,0
1161,58.050000000000004,0.0,0.0,0.0,0.9405,0,238,0
1162,58.1,0.0,0.0,0.0,0.9405,0,238,0
1163,58.150000000000006,0.0,0.0,0.0,0.9405,0,238,0
1164,58.2,0.0,0.0,0.0,0.9405,0,238,0
1165,58.25,0.0,0.0,0.0,0.9405,0,238,0
1166,58.300000000000004,0.0,0.0,0.0,0.9405,0,238,0
1167,58.35,0.0,0.0,0.0,0.9405,0,238,0
1168,58.400000000000006,0.0,0.0,0.0,0.9405,0,238,0
1169,58.45,0.0,0.0,0.0,0.9405,0,238,0
1170,58.5,0.0,0.0,0.0,0.9405,0,238,0
1171,58.550000000000004,0.0,0.0,0.0,0.9405,0,238,0
1172,58.6,0.0,0.0,0.0,0.9405,0,238,0
1173,58.650000000000006,0.0,0.0,0.0,0.9405,0,238,0
1174,58.7,0.0,0.0,0.0,0.9405,0,238,0
1175,58.75,0.0,0.0,0.0,0.9405,0,238,0
1176,58.800000000000004,0.0,0.0,0.0,0.9405,0,238,0
1177,58.85,0.0,0.0,0.0,0.9405,0,238,0
1178,58.900000000000006,0.0,0.0,0.0,0.9405,0,238,0
1179,58.95,0.0,0.0,0.0,0.9405,0,238,0
1180,59.0,0.0,0.0,0.0,0.9405,0,238,0
1181,59.050000000000004,0.0,0.0,0.0,0.9405,0,238,0
1182,59.1,0.0,0.0,0.0,0.9405,0,238,0
1183,59.150000000000006,0.0,0.0,0.0,0.9405,0,238,0
1184,59.2,0.0,0.0,0.0,0.9405,0,238,0
1185,59.25,0.0,0.0,0.0,0.9405,0,238,0
1186,59.300000000000004,0.0,0.0,0.0,0.9405,0,238,0
1187,59.35,0.0,0.0,0.0,0.9405,0,238,0
1188,59.400000000000006,0.0,0.0,0.0,0.9405,0,238,0
1189,59.45,0.0,0.0,0.0,0.9405,0,238,0
1190,59.5,0.0,0.0,0.0,0.9405,0,238,0
1191,59.550000000000004,0.0,0.0,0.0,0.9405,0,238,0
1192,59.6,0.0,0.0,0.0,0.9405,0,238,0
1193,59.650000000000006,0.0,0.0,0.0,0.9405,0,238,0
1194,59.7,0.0,0.0,0.0,0.9405,0,238,0
1195,59.75,0.0,0.0,0.0,0.9405,0,238,0
1196,59.800000000000004,0.0,0.0,0.0,0.9405,0,238,0
1197,59.85,0.0,0.0,0.0,0.9405,0,238,0
1198,59.900000000000006,0.0,0.0,0.0,0.9405,0,238,0
1199,59.95,0.0,0.0,0.0,0.9405,0,238,0
1200,60.0,0.0,0.0,0.0,0.9405,0,238,0
1201,60.050000000000004,0.0,0.0,0.0,0.9405,0,238,0
1202,60.1,0.0,0.0,0.0,0.9405,0,238,0
1203,60.150000000000006,0.0,0.0,0.0,0.9405,0,238,0
1204,60.2,0.0,0.0,0.0,0.9405,0,238,0
1205,60.25,0.0,0.0,0.0,0.9405,0,238,0
1206,60.300000000000004,0.0,0.0,0.0,0.9405,0,238,0
1207,60.35,0.0,0.0,0.0,0.9405,0,238,0
1208,60.400000000000006,0.0,0.0,0.0,0.9405,0,238,0
1209,60.45,0.0,0.0,0.0,0.9405,0,238,0
1210,60.5,0.0,0.0,0.0,0.9405,0,238,0
1211,60.550000000000004,0.0,0.0,0.0,0.9405,0,238,0
1212,60.6,0.0,0.0,0.0,0.9405,0,238,0
1213,60.650000000000006,0.0,0.0,0.0,0.9405,0,238,0
1214,60.7,0.0,0.0,0.0,0.9405,0,238,0
1215,60.75,0.0,0.0,0.0,0.9405,0,238,0
1216,60.800000000000004,0.0,0.0,0.0,0.9405,0,238,0
1217,60.85,0.0,0.0,0.0,0.9405,0,238,0
1218,60.900000000000006,0.0,0.0,0.0,0.9405,0,238,0
1219,60.95,0.0,0.0,0.0,0.9405,0,238,0
1220,61.0,0.0,0.0,0.0,0.9405,0,238,0
1221,61.050000000000004,0.0,0.0,0.0,0.9405,0,238,0
1222,61.1,0.0,0.0,0.0,0.9405,0,238,0
1223,61.150000000000006,0.0,0.0,0.0,0.9405,0,238,0
1224,61.2,0.0,0.0,0.0,0.9405,0,238,0
1225,61.25,0.0,0.0,0.0,0.9405,0,238,0
1226,61.300000000000004,0.0,0.0,0.0,0.9405,0,238,0
1227,61.35,0.0,0.0,0.0,0.9405,0,238,0
1228,61.400000000000006,0.0,0.0,0.0,0.9405,0,238,0
1229,61.45,0.0,0.0,0.0,0.9405,0,238,0
1230,61.5,0.0,0.0,0.0,0.9405,0,238,0
1231,61.550000000000004,0.0,0.0,0.0,0.9405,0,238,0
1232,61.6,0.0,0.0,0.0,0.9405,0,238,0
1233,61.650000000000006,0.0,0.0,0.0,0.9405,0,238,0
1234,61.7,0.0,0.0,0.0,0.9405,0,238,0
1235,61.75,0.0,0.0,0.0,0.9405,0,238,0
1236,61.800000000000004,0.0,0.0,0.0,0.9405,0,238,0
1237,61.85,0.0,0.0,0.0,0.9405,0,238,0
1238,61.900000000000006,0.0,0.0,0.0,0.9405,0,238,0
1239,61.95,0.0,0.0,0.0,0.9405,0,238,0
1240,62.0,0.0,0.0,0.0,0.9405,0,238,0
1241,62.050000000000004,0.0,0.0,0.0,0.9405,0,238,0
1242,62.1,0.0,0.0,0.0,0.9405,0,238,0
1243,62.150000000000006,0.0,0.0,0.0,0.9405,0,238,0
1244,62.2,0.0,0.0,0.0,0.9405,0,238,0
1245,62.25,0.0,0.0,0.0,0.9405,0,238,0
1246,62.300000000000004,0.0,0.0,0.0,0.9405,0,238,0
1247,62.35,0.0,0.0,0.0,0.9405,0,238,0
1248,62.400000000000006,0.0,0.0,0.0,0.9405,0,238,0
1249,62.45,0.0,0.0,0.0,0.9405,0,238,0
1250,62.5,0.0,0.0,0.0,0.9405,0,238,0
1251,62.550000000000004,0.0,0.0,0.0,0.9405,0,238,0
1252,62.6,0.0,0.0,0.0,0.9405,0,238,0
1253,62.650000000000006,0.0,0.0,0.0,0.9405,0,238,0
1254,62.7,0.0,0.0,0.0,0.9405,0,238,0
1255,62.75,0.0,0.0,0.0,0.9405,0,238,0
1256,62.800000000000004,0.0,0.0,0.0,0.9405,0,238,0
1257,62.85,0.0,0.0,0.0,0.9405,0,238,0
1258,62.900000000000006,0.0,0.0,0.0,0.9405,0,238,0
1259,62.95,0.0,0.0,0.0,0.9405,0,238,0
1260,63.0,0.0,0.0,0.0,0.9405,0,238,0
1261,63.050000000000004,0.0,0.0,0.0,0.9405,0,238,0
1262,63.1,0.0,0.0,0.0,0.9405,0,238,0
1263,63.150000000000006,0.0,0.0,0.0,0.9405,0,238,0
1264,63.2,0.0,0.0,0.0,0.9405,0,238,0
1265,63.25,0.0,0.0,0.0,0.9405,0,238,0
1266,63.300000000000004,0.0,0.0,0.0,0.9405,0,238,0
1267,63.35,0.0,0.0,0.0,0.9405,0,238,0
1268,63.400000000000006,0.0,0.0,0.0,0.9405,0,238,0
1269,63.45,0.0,0.0,0.0,0.9405,0,238,0
1270,63.5,0.0,0.0,0.0,0.9405,0,238,0
1271,63.550000000000004,0.0,0.0,0.0,0.9405,0,238,0
1272,63.6,0.0,0.0,0.0,0.9405,0,238,0
1273,63.650000000000006,0.0,0.0,0.0,0.9405,0,238,0
1274,63.7,0.0,0.0,0.0,0.9405,0,238,0
1275,63.75,0.0,0.0,0.0,0.9405,0,238,0
1276,63.800000000000004,0.0,0.0,0.0,0.9405,0,238,0
1277,63.85,0.0,0.0,0.0,0.9405,0,238,0
1278,63.900000000000006,0.0,0.0,0.0,0.9405,0,238,0
1279,63.95,0.0,0.0,0.0,0.9405,0,238,0
1280,64.0,0.0,0.0,0.0,0.9405,0,238,0
1281,64.05,0.0,0.0,0.0,0.9405,0,238,0
1282,64.10000000000001,0.0,0.0,0.0,0.9405,0,238,0
1283,64.15,0.0,0.0,0.0,0.9405,0,238,0
1284,64.2,0.0,0.0,0.0,0.9405,0,238,0
1285,64.25,0.0,0.0,0.0,0.9405,0,238,0
1286,64.3,0.0,0.0,0.0,0.9405,0,238,0
1287,64.35000000000001,0.0,0.0,0.0,0.9405,0,238,0
1288,64.4,0.0,0.0,0.0,0.9405,0,238,0
1289,64.45,0.0,0.0,0.0,0.9405,0,238,0
1290,64.5,0.0,0.0,0.0,0.9405,0,238,0
1291,64.55,0.0,0.0,0.0,0.9405,0,238,0
1292,64.60000000000001,0.0,0.0,0.0,0.9405,0,238,0
1293,64.65,0.0,0.0,0.0,0.9405,0,238,0
1294,64.7,0.0,0.0,0.0,0.9405,0,238,0
1295,64.75,0.0,0.0,0.0,0.9405,0,238,0
1296,64.8,0.0,0.0,0.0,0.9405,0,238,0
1297,64.85000000000001,0.0,0.0,0.0,0.9405,0,238,0
1298,64.9,0.0,0.0,0.0,0.9405,0,238,0
1299,64.95,0.0,0.0,0.0,0.9405,0,238,0
1300,65.0,0.0,0.0,0.0,0.9405,0,238,0
1301,65.05,0.0,0.0,0.0,0.9405,0,238,0
1302,65.10000000000001,0.0,0.0,0.0,0.9405,0,238,0
1303,65.15,0.0,0.0,0.0,0.9405,0,238,0
1304,65.2,0.0,0.0,0.0,0.9405,0,238,0
1305,65.25,0.0,0.0,0.0,0.9405,0,238,0
1306,65.3,0.0,0.0,0.0,0.9405,0,238,0
1307,65.35000000000001,0.0,0.0,0.0,0.9405,0,238,0
1308,65.4,0.0,0.0,0.0,0.9405,0,238,0
1309,65.45,0.0,0.0,0.0,0.9405,0,238,0
1310,65.5,0.0,0.0,0.0,0.9405,0,238,0
1311,65.55,0.0,0.0,0.0,0.9405,0,238,0
1312,65.60000000000001,0.0,0.0,0.0,0.9405,0,238,0
1313,65.65,0.0,0.0,0.0,0.9405,0,238,0
1314,65.7,0.0,0.0,0.0,0.9405,0,238,0
1315,65.75,0.0,0.0,0.0,0.9405,0,238,0
1316,65.8,0.0,0.0,0.0,0.9405,0,238,0
1317,65.85000000000001,0.0,0.0,0.0,0.9405,0,238,0
1318,65.9,0.0,0.0,0.0,0.9405,0,238,0
1319,65.95,0.0,0.0,0.0,0.9405,0,238,0
1320,66.0,0.0,0.0,0.0,0.9405,0,238,0
1321,66.05,0.0,0.0,0.0,0.9405,0,238,0
1322,66.10000000000001,0.0,0.0,0.0,0.9405,0,238,0
1323,66.15,0.0,0.0,0.0,0.9405,0,238,0
1324,66.2,0.0,0.0,0.0,0.9405,0,238,0
1325,66.25,0.0,0.0,0.0,0.9405,0,238,0
1326,66.3,0.0,0.0,0.0,0.9405,0,238,0
1327,66.35000000000001,0.0,0.0,0.0,0.9405,0,238,0
1328,66.4,0.0,0.0,0.0,0.9405,0,238,0
1329,66.45,0.0,0.0,0.0,0.9405,0,238,0
1330,66.5,0.0,0.0,0.0,0.9405,0,238,0
1331,66.55,0.0,0.0,0.0,0.9405,0,238,0
1332,66.60000000000001,0.0,0.0,0.0,0.9405,0,238,0
1333,66.65,0.0,0.0,0.0,0.9405,0,238,0
1334,66.7,0.0,0.0,0.0,0.9405,0,238,0
1335,66.75,0.0,0.0,0.0,0.9405,0,238,0
1336,66.8,0.0,0.0,0.0,0.9405,0,238,0
1337,66.85000000000001,0.0,0.0,0.0,0.9405,0,238,0
1338,66.9,0.0,0.0,0.0,0.9405,0,238,0
1339,66.95,0.0,0.0,0.0,0.9405,0,238,0
1340,67.0,0.0,0.0,0.0,0.9405,0,238,0
1341,67.05,0.0,0.0,0.0,0.9405,0,238,0
1342,67.10000000000001,0.0,0.0,0.0,0.9405,0,238,0
1343,67.15,0.0,0.0,0.0,0.9405,0,238,0
1344,67.2,0.0,0.0,0.0,0.9405,0,238,0
1345,67.25,0.0,0.0,0.0,0.9405,0,238,0
1346,67.3,0.0,0.0,0.0,0.9405,0,238,0
1347,67.35000000000001,0.0,0.0,0.0,0.9405,0,238,0
1348,67.4,0.0,0.0,0.0,0.9405,0,238,0
1349,67.45,0.0,0.0,0.0,0.9405,0,238,0
1350,67.5,0.0,0.0,0.0,0.9405,0,238,0
1351,67.55,0.0,0.0,0.0,0.9405,0,238,0
1352,67.60000000000001,0.0,0.0,0.0,0.9405,0,238,0
1353,67.65,0.0,0.0,0.0,0.9405,0,238,0
1354,67.7,0.0,0.0,0.0,0.9405,0,238,0
1355,67.75,0.0,0.0,0.0,0.9405,0,238,0
1356,67.8,0.0,0.0,0.0,0.9405,0,238,0
1357,67.85000000000001,0.0,0.0,0.0,0.9405,0,238,0
1358,67.9,0.0,0.0,0.0,0.9405,0,238,0
1359,67.95,0.0,0.0,0.0,0.9405,0,238,0
1360,68.0,0.0,0.0,0.0,0.9405,0,238,0
1361,68.05,0.0,0.0,0.0,0.9405,0,238,0
1362,68.10000000000001,0.0,0.0,0.0,0.9405,0,238,0
1363,68.15,0.0,0.0,0.0,0.9405,0,238,0
1364,68.2,0.0,0.0,0.0,0.9405,0,238,0
1365,68.25,0.0,0.0,0.0,0.9405,0,238,0
1366,68.3,0.0,0.0,0.0,0.9405,0,238,0
1367,68.35000000000001,0.0,0.0,0.0,0.9405,0,238,0
1368,68.4,0.0,0.0,0.0,0.9405,0,238,0
1369,68.45,0.0,0.0,0.0,0.9405,0,238,0
1370,68.5,0.0,0.0,0.0,0.9405,0,238,0
1371,68.55,0.0,0.0,0.0,0.9405,0,238,0
1372,68.60000000000001,0.0,0.0,0.0,0.9405,0,238,0
1373,68.65,0.0,0.0,0.0,0.9405,0,238,0
1374,68.7,0.0,0.0,0.0,0.9405,0,238,0
1375,68.75,0.0,0.0,0.0,0.9405,0,238,0
1376,68.8,0.0,0.0,0.0,0.9405,0,238,0
1377,68.85000000000001,0.0,0.0,0.0,0.9405,0,238,0
1378,68.9,0.0,0.0,0.0,0.9405,0,238,0
1379,68.95,0.0,0.0,0.0,0.9405,0,238,0
1380,69.0,0.0,0.0,0.0,0.9405,0,238,0
1381,69.05,0.0,0.0,0.0,0.9405,0,238,0
1382,69.10000000000001,0.0,0.0,0.0,0.9405,0,238,0
1383,69.15,0.0,0.0,0.0,0.9405,0,238,0
1384,69.2,0.0,0.0,0.0,0.9405,0,238,0
1385,69.25,0.0,0.0,0.0,0.9405,0,238,0
1386,69.3,0.0,0.0,0.0,0.9405,0,238,0
1387,69.35000000000001,0.0,0.0,0.0,0.9405,0,238,0
1388,69.4,0.0,0.0,0.0,0.9405,0,238,0
1389,69.45,0.0,0.0,0.0,0.9405,0,238,0
1390,69.5,0.0,0.0,0.0,0.9405,0,238,0
1391,69.55,0.0,0.0,0.0,0.9405,0,238,0
1392,69.60000000000001,0.0,0.0,0.0,0.9405,0,238,0
1393,69.65,0.0,0.0,0.0,0.9405,0,238,0
1394,69.7,0.0,0.0,0.0,0.9405,0,238,0
1395,69.75,0.0,0.0,0.0,0.9405,0,238,0
1396,69.8,0.0,0.0,0.0,0.9405,0,238,0
1397,69.85000000000001,0.0,0.0,0.0,0.9405,0,238,0
1398,69.9,0.0,0.0,0.0,0.9405,0,238,0
1399,69.95,0.0,0.0,0.0,0.9405,0,238,0
1400,70.0,0.0,0.0,0.0,0.9405,0,238,0
1401,70.05,0.0,0.0,0.0,0.9405,0,238,0
1402,70.10000000000001,0.0,0.0,0.0,0.9405,0,238,0
1403,70.15,0.0,0.0,0.0,0.9405,0,238,0
1404,70.2,0.0,0.0,0.0,0.9405,0,238,0
1405,70.25,0.0,0.0,0.0,0.9405,0,238,0
1406,70.3,0.0,0.0,0.0,0.9405,0,238,0
1407,70.35000000000001,0.0,0.0,0.0,0.9405,0,238,0
1408,70.4,0.0,0.0,0.0,0.9405,0,238,0
1409,70.45,0.0,0.0,0.0,0.9405,0,238,0
1410,70.5,0.0,0.0,0.0,0.9405,0,238,0
1411,70.55,0.0,0.0,0.0,0.9405,0,238,0
1412,70.60000000000001,0.0,0.0,0.0,0.9405,0,238,0
1413,70.65,0.0,0.0,0.0,0.9405,0,238,0
1414,70.7,0.0,0.0,0.0,0.9405,0,238,0
1415,70.75,0.0,0.0,0.0,0.9405,0,238,0
1416,70.8,0.0,0.0,0.0,0.9405,0,238,0
1417,70.85000000000001,0.0,0.0,0.0,0.9405,0,238,0
1418,70.9,0.0,0.0,0.0,0.9405,0,238,0
1419,70.95,0.0,0.0,0.0,0.9405,0,238,0
1420,71.0,0.0,0.0,0.0,0.9405,0,238,0
1421,71.05,0.0,0.0,0.0,0.9405,0,238,0
1422,71.10000000000001,0.0,0.0,0.0,0.9405,0,238,0
1423,71.15,0.0,0.0,0.0,0.9405,0,238,0
1424,71.2,0.0,0.0,0.0,0.9405,0,238,0
1425,71.25,0.0,0.0,0.0,0.9405,0,238,0
1426,71.3,0.0,0.0,0.0,0.9405,0,238,0
1427,71.35000000000001,0.0,0.0,0.0,0.9405,0,238,0
1428,71.4,0.0,0.0,0.0,0.9405,0,238,0
1429,71.45,0.0,0.0,0.0,0.9405,0,238,0
1430,71.5,0.0,0.0,0.0,0.9405,0,238,0
1431,71.55,0.0,0.0,0.0,0.9405,0,238,0
1432,71.60000000000001,0.0,0.0,0.0,0.9405,0,238,0
1433,71.65,0.0,0.0,0.0,0.9405,0,238,0
1434,71.7,0.0,0.0,0.0,0.9405,0,238,0
1435,71.75,0.0,0.0,0.0,0.9405,0,238,0
1436,71.8,0.0,0.0,0.0,0.9405,0,238,0
1437,71.85000000000001,0.0,0.0,0.0,0.9405,0,238,0
1438,71.9,0.0,0.0,0.0,0.9405,0,238,0
1439,71.95,0.0,0.0,0.0,0.9405,0,238,0
1440,72.0,0.0,0.0,0.0,0.9405,0,238,0
1441,72.05,0.0,0.0,0.0,0.9405,0,238,0
1442,72.10000000000001,0.0,0.0,0.0,0.9405,0,238,0
1443,72.15,0.0,0.0,0.0,0.9405,0,238,0
1444,72.2,0.0,0.0,0.0,0.9405,0,238,0
1445,72.25,0.0,0.0,0.0,0.9405,0,238,0
1446,72.3,0.0,0.0,0.0,0.9405,0,238,0
1447,72.35000000000001,0.0,0.0,0.0,0.9405,0,238,0
1448,72.4,0.0,0.0,0.0,0.9405,0,238,0
1449,72.45,0.0,0.0,0.0,0.9405,0,238,0
1450,72.5,0.0,0.0,0.0,0.9405,0,238,0
1451,72.55,0.0,0.0,0.0,0.9405,0,238,0
1452,72.60000000000001,0.0,0.0,0.0,0.9405,0,238,0
1453,72.65,0.0,0.0,0.0,0.9405,0,238,0
1454,72.7,0.0,0.0,0.0,0.9405,0,238,0
1455,72.75,0.0,0.0,0.0,0.9405,0,238,0
1456,72.8,0.0,0.0,0.0,0.9405,0,238,0
1457,72.85000000000001,0.0,0.0,0.0,0.9405,0,238,0
1458,72.9,0.0,0.0,0.0,0.9405,0,238,0
1459,72.95,0.0,0.0,0.0,0.9405,0,238,0
1460,73.0,0.0,0.0,0.0,0.9405,0,238,0
1461,73.05,0.0,0.0,0.0,0.9405,0,238,0
1462,73.10000000000001,0.0,0.0,0.0,0.9405,0,238,0
1463,73.15,0.0,0.0,0.0,0.9405,0,238,0
1464,73.2,0.0,0.0,0.0,0.9405,0,238,0
1465,73.25,0.0,0.0,0.0,0.9405,0,238,0
1466,73.3,0.0,0.0,0.0,0.9405,0,238,0
1467,73.35000000000001,0.0,0.0,0.0,0.9405,0,238,0
1468,73.4,0.0,0.0,0.0,0.9405,0,238,0
1469,73.45,0.0,0.0,0.0,0.9405,0,238,0
1470,73.5,0.0,0.0,0.0,0.9405,0,238,0
1471,73.55,0.0,0.0,0.0,0.9405,0,238,0
1472,73.60000000000001,0.0,0.0,0.0,0.9405,0,238,0
1473,73.65,0.0,0.0,0.0,0.9405,0,238,0
1474,73.7,0.0,0.0,0.0,0.9405,0,238,0
1475,73.75,0.0,0.0,0.0,0.9405,0,238,0
1476,73.8,0.0,0.0,0.0,0.9405,0,238,0
1477,73.85000000000001,0.0,0.0,0.0,0.9405,0,238,0
1478,73.9,0.0,0.0,0.0,0.9405,0,238,0
1479,73.95,0.0,0.0,0.0,0.9405,0,238,0
1480,74.0,0.0,0.0,0.0,0.9405,0,238,0
1481,74.05,0.0,0.0,0.0,0.9405,0,238,0
1482,74.10000000000001,0.0,0.0,0.0,0.9405,0,238,0
1483,74.15,0.0,0.0,0.0,0.9405,0,238,0
1484,74.2,0.0,0.0,0.0,0.9405,0,238,0
1485,74.25,0.0,0.0,0.0,0.9405,0,238,0
1486,74.3,0.0,0.0,0.0,0.9405,0,238,0
1487,74.35000000000001,0.0,0.0,0.0,0.9405,0,238,0
1488,74.4,0.0,0.0,0.0,0.9405,0,238,0
1489,74.45,0.0,0.0,0.0,0.9405,0,238,0
1490,74.5,0.0,0.0,0.0,0.9405,0,238,0
1491,74.55,0.0,0.0,0.0,0.9405,0,238,0
1492,74.60000000000001,0.0,0.0,0.0,0.9405,0,238,0
1493,74.65,0.0,0.0,0.0,0.9405,0,238,0
1494,74.7,0.0,0.0,0.0,0.9405,0,238,0
1495,74.75,0.0,0.0,0.0,0.9405,0,238,0
1496,74.8,0.0,0.0,0.0,0.9405,0,238,0
1497,74.85000000000001,0.0,0.0,0.0,0.9405,0,238,0
1498,74.9,0.0,0.0,0.0,0.9405,0,238,0
1499,74.95,0.0,0.0,0.0,0.9405,0,238,0
1500,75.0,0.0,0.0,0.0,0.9405,0,238,0
1501,75.05,0.0,0.0,0.0,0.9405,0,238,0
1502,75.10000000000001,0.0,0.0,0.0,0.9405,0,238,0
1503,75.15,0.0,0.0,0.0,0.9405,0,238,0
1504,75.2,0.0,0.0,0.0,0.9405,0,238,0
1505,75.25,0.0,0.0,0.0,0.9405,0,238,0
1506,75.3,0.0,0.0,0.0,0.9405,0,238,0
1507,75.35000000000001,0.0,0.0,0.0,0.9405,0,238,0
1508,75.4,0.0,0.0,0.0,0.9405,0,238,0
1509,75.45,0.0,0.0,0.0,0.9405,0,238,0
1510,75.5,0.0,0.0,0.0,0.9405,0,238,0
1511,75.55,0.0,0.0,0.0,0.9405,0,238,0
1512,75.60000000000001,0.0,0.0,0.0,0.9405,0,238,0
1513,75.65,0.0,0.0,0.0,0.9405,0,238,0
1514,75.7,0.0,0.0,0.0,0.9405,0,238,0
1515,75.75,0.0,0.0,0.0,0.9405,0,238,0
1516,75.8,0.0,0.0,0.0,0.9405,0,238,0
1517,75.85000000000001,0.0,0.0,0.0,0.9405,0,238,0
1518,75.9,0.0,0.0,0.0,0.9405,0,238,0
1519,75.95,0.0,0.0,0.0,0.9405,0,238,0
1520,76.0,0.0,0.0,0.0,0.9405,0,238,0
1521,76.05,0.0,0.0,0.0,0.9405,0,238,0
1522,76.10000000000001,0.0,0.0,0.0,0.9405,0,238,0
1523,76.15,0.0,0.0,0.0,0.9405,0,238,0
1524,76.2,0.0,0.0,0.0,0.9405,0,238,0
1525,76.25,0.0,0.0,0.0,0.9405,0,238,0
1526,76.3,0.0,0.0,0.0,0.9405,0,238,0
1527,76.35000000000001,0.0,0.0,0.0,0.9405,0,238,0
1528,76.4,0.0,0.0,0.0,0.9405,0,238,0
1529,76.45,0.0,0.0,0.0,0.9405,0,238,0
1530,76.5,0.0,0.0,0.0,0.9405,0,238,0
1531,76.55,0.0,0.0,0.0,0.9405,0,238,0
1532,76.60000000000001,0.0,0.0,0.0,0.9405,0,238,0
1533,76.65,0.0,0.0,0.0,0.9405,0,238,0
1534,76.7,0.0,0.0,0.0,0.9405,0,238,0
1535,76.75,0.0,0.0,0.0,0.9405,0,238,0
1536,76.80000000000001,0.0,0.0,0.0,0.9405,0,238,0
1537,76.85000000000001,0.0,0.0,0.0,0.9405,0,238,0
1538,76.9,0.0,0.0,0.0,0.9405,0,238,0
1539,76.95,0.0,0.0,0.0,0.9405,0,238,0
1540,77.0,0.0,0.0,0.0,0.9405,0,238,0
1541,77.05000000000001,0.0,0.0,0.0,0.9405,0,238,0
1542,77.10000000000001,0.0,0.0,0.0,0.9405,0,238,0
1543,77.15,0.0,0.0,0.0,0.9405,0,238,0
1544,77.2,0.0,0.0,0.0,0.9405,0,238,0
1545,77.25,0.0,0.0,0.0,0.9405,0,238,0
1546,77.30000000000001,0.0,0.0,0.0,0.9405,0,238,0
1547,77.35000000000001,0.0,0.0,0.0,0.9405,0,238,0
1548,77.4,0.0,0.0,0.0,0.9405,0,238,0
1549,77.45,0.0,0.0,0.0,0.9405,0,238,0
1550,77.5,0.0,0.0,0.0,0.9405,0,238,0
1551,77.55000000000001,0.0,0.0,0.0,0.9405,0,238,0
1552,77.60000000000001,0.0,0.0,0.0,0.9405,0,238,0
1553,77.65,0.0,0.0,0.0,0.9405,0,238,0
1554,77.7,0.0,0.0,0.0,0.9405,0,238,0
1555,77.75,0.0,0.0,0.0,0.9405,0,238,0
1556,77.80000000000001,0.0,0.0,0.0,0.9405,0,238,0
1557,77.85000000000001,0.0,0.0,0.0,0.9405,0,238,0
1558,77.9,0.0,0.0,0.0,0.9405,0,238,0
1559,77.95,0.0,0.0,0.0,0.9405,0,238,0
1560,78.0,0.0,0.0,0.0,0.9405,0,238,0
1561,78.05000000000001,0.0,0.0,0.0,0.9405,0,238,0
1562,78.10000000000001,0.0,0.0,0.0,0.9405,0,238,0
1563,78.15,0.0,0.0,0.0,0.9405,0,238,0
1564,78.2,0.0,0.0,0.0,0.9405,0,238,0
1565,78.25,0.0,0.0,0.0,0.9405,0,238,0
1566,78.30000000000001,0.0,0.0,0.0,0.9405,0,238,0
1567,78.35000000000001,0.0,0.0,0.0,0.9405,0,238,0
1568,78.4,0.0,0.0,0.0,0.9405,0,238,0
1569,78.45,0.0,0.0,0.0,0.9405,0,238,0
1570,78.5,0.0,0.0,0.0,0.9405,0,238,0
1571,78.55000000000001,0.0,0.0,0.0,0.9405,0,238,0
1572,78.60000000000001,0.0,0.0,0.0,0.9405,0,238,0
1573,78.65,0.0,0.0,0.0,0.9405,0,238,0
1574,78.7,0.0,0.0,0.0,0.9405,0,238,0
1575,78.75,0.0,0.0,0.0,0.9405,0,238,0
1576,78.80000000000001,0.0,0.0,0.0,0.9405,0,238,0
1577,78.85000000000001,0.0,0.0,0.0,0.9405,0,238,0
1578,78.9,0.0,0.0,0.0,0.9405,0,238,0
1579,78.95,0.0,0.0,0.0,0.9405,0,238,0
1580,79.0,0.0,0.0,0.0,0.9405,0,238,0
1581,79.05000000000001,0.0,0.0,0.0,0.9405,0,238,0
1582,79.10000000000001,0.0,0.0,0.0,0.9405,0,238,0
1583,79.15,0.0,0.0,0.0,0.9405,0,238,0
1584,79.2,0.0,0.0,0.0,0.9405,0,238,0
1585,79.25,0.0,0.0,0.0,0.9405,0,238,0
1586,79.30000000000001,0.0,0.0,0.0,0.9405,0,238,0
1587,79.35000000000001,0.0,0.0,0.0,0.9405,0,238,0
1588,79.4,0.0,0.0,0.0,0.9405,0,238,0
1589,79.45,0.0,0.0,0.0,0.9405,0,238,0
1590,79.5,0.0,0.0,0.0,0.9405,0,238,0
1591,79.55000000000001,0.0,0.0,0.0,0.9405,0,238,0
1592,79.60000000000001,0.0,0.0,0.0,0.9405,0,238,0
1593,79.65,0.0,0.0,0.0,0.9405,0,238,0
1594,79.7,0.0,0.0,0.0,0.9405,0,238,0
1595,79.75,0.0,0.0,0.0,0.9405,0,238,0
1596,79.80000000000001,0.0,0.0,0.0,0.9405,0,238,0
1597,79.85000000000001,0.0,0.0,0.0,0.9405,0,238,0
1598,79.9,0.0,0.0,0.0,0.9405,0,238,0
1599,79.95,0.0,0.0,0.0,0.9405,0,238,0
1600,80.0,0.0,0.0,0.0,0.9405,0,238,0
1601,80.05000000000001,0.0,0.0,0.0,0.9405,0,238,0
1602,80.10000000000001,0.0,0.0,0.0,0.9405,0,238,0
1603,80.15,0.0,0.0,0.0,0.9405,0,238,0
1604,80.2,0.0,0.0,0.0,0.9405,0,238,0
1605,80.25,0.0,0.0,0.0,0.9405,0,238,0
1606,80.30000000000001,0.0,0.0,0.0,0.9405,0,238,0
1607,80.35000000000001,0.0,0.0,0.0,0.9405,0,238,0
1608,80.4,0.0,0.0,0.0,0.9405,0,238,0
1609,80.45,0.0,0.0,0.0,0.9405,0,238,0
1610,80.5,0.0,0.0,0.0,0.9405,0,238,0
1611,80.55000000000001,0.0,0.0,0.0,0.9405,0,238,0
1612,80.60000000000001,0.0,0.0,0.0,0.9405,0,238,0
1613,80.65,0.0,0.0,0.0,0.9405,0,238,0
1614,80.7,0.0,0.0,0.0,0.9405,0,238,0
1615,80.75,0.0,0.0,0.0,0.9405,0,238,0
1616,80.80000000000001,0.0,0.0,0.0,0.9405,0,238,0
1617,80.85000000000001,0.0,0.0,0.0,0.9405,0,238,0
1618,80.9,0.0,0.0,0.0,0.9405,0,238,0
1619,80.95,0.0,0.0,0.0,0.9405,0,238,0
1620,81.0,0.0,0.0,0.0,0.9405,0,238,0
1621,81.05000000000001,0.0,0.0,0.0,0.9405,0,238,0
1622,81.10000000000001,0.0,0.0,0.0,0.9405,0,238,0
1623,81.15,0.0,0.0,0.0,0.9405,0,238,0
1624,81.2,0.0,0.0,0.0,0.9405,0,238,0
1625,81.25,0.0,0.0,0.0,0.9405,0,238,0
1626,81.30000000000001,0.0,0.0,0.0,0.9405,0,238,0
1627,81.35000000000001,0.0,0.0,0.0,0.9405,0,238,0
1628,81.4,0.0,0.0,0.0,0.9405,0,238,0
1629,81.45,0.0,0.0,0.0,0.9405,0,238,0
1630,81.5,0.0,0.0,0.0,0.9405,0,238,0
1631,81.55000000000001,0.0,0.0,0.0,0.9405,0,238,0
1632,81.60000000000001,0.0,0.0,0.0,0.9405,0,238,0
1633,81.65,0.0,0.0,0.0,0.9405,0,238,0
1634,81.7,0.0,0.0,0.0,0.9405,0,238,0
1635,81.75,0.0,0.0,0.0,0.9405,0,238,0
1636,81.80000000000001,0.0,0.0,0.0,0.9405,0,238,0
1637,81.85000000000001,0.0,0.0,0.0,0.9405,0,238,0
1638,81.9,0.0,0.0,0.0,0.9405,0,238,0
1639,81.95,0.0,0.0,0.0,0.9405,0,238,0
1640,82.0,0.0,0.0,0.0,0.9405,0,238,0
1641,82.05000000000001,0.0,0.0,0.0,0.9405,0,238,0
1642,82.10000000000001,0.0,0.0,0.0,0.9405,0,238,0
1643,82.15,0.0,0.0,0.0,0.9405,0,238,0
1644,82.2,0.0,0.0,0.0,0.9405,0,238,0
1645,82.25,0.0,0.0,0.0,0.9405,0,238,0
1646,82.30000000000001,0.0,0.0,0.0,0.9405,0,238,0
1647,82.35000000000001,0.0,0.0,0.0,0.9405,0,238,0
1648,82.4,0.0,0.0,0.0,0.9405,0,238,0
1649,82.45,0.0,0.0,0.0,0.9405,0,238,0
1650,82.5,0.0,0.0,0.0,0.9405,0,238,0
1651,82.55000000000001,0.0,0.0,0.0,0.9405,0,238,0
1652,82.60000000000001,0.0,0.0,0.0,0.9405,0,238,0
1653,82.65,0.0,0.0,0.0,0.9405,0,238,0
1654,82.7,0.0,0.0,0.0,0.9405,0,238,0
1655,82.75,0.0,0.0,0.0,0.9405,0,238,0
1656,82.80000000000001,0.0,0.0,0.0,0.9405,0,238,0
1657,82.85000000000001,0.0,0.0,0.0,0.9405,0,238,0
1658,82.9,0.0,0.0,0.0,0.9405,0,238,0
1659,82.95,0.0,0.0,0.0,0.9405,0,238,0
1660,83.0,0.0,0.0,0.0,0.9405,0,238,0
1661,83.05000000000001,0.0,0.0,0.0,0.9405,0,238,0
1662,83.10000000000001,0.0,0.0,0.0,0.9405,0,238,0
1663,83.15,0.0,0.0,0.0,0.9405,0,238,0
1664,83.2,0.0,0.0,0.0,0.9405,0,238,0
1665,83.25,0.0,0.0,0.0,0.9405,0,238,0
1666,83.30000000000001,0.0,0.0,0.0,0.9405,0,238,0
1667,83.35000000000001,0.0,0.0,0.0,0.9405,0,238,0
1668,83.4,0.0,0.0,0.0,0.9405,0,238,0
1669,83.45,0.0,0.0,0.0,0.9405,0,238,0
1670,83.5,0.0,0.0,0.0,0.9405,0,238,0
1671,83.55000000000001,0.0,0.0,0.0,0.9405,0,238,0
1672,83.60000000000001,0.0,0.0,0.0,0.9405,0,238,0
1673,83.65,0.0,0.0,0.0,0.9405,0,238,0
1674,83.7,0.0,0.0,0.0,0.9405,0,238,0
1675,83.75,0.0,0.0,0.0,0.9405,0,238,0
1676,83.80000000000001,0.0,0.0,0.0,0.9405,0,238,0
1677,83.85000000000001,0.0,0.0,0.0,0.9405,0,238,0
1678,83.9,0.0,0.0,0.0,0.9405,0,238,0
1679,83.95,0.0,0.0,0.0,0.9405,0,238,0
1680,84.0,0.0,0.0,0.0,0.9405,0,238,0
1681,84.05000000000001,0.0,0.0,0.0,0.9405,0,238,0
1682,84.10000000000001,0.0,0.0,0.0,0.9405,0,238,0
1683,84.15,0.0,0.0,0.0,0.9405,0,238,0
1684,84.2,0.0,0.0,0.0,0.9405,0,238,0
1685,84.25,0.0,0.0,0.0,0.9405,0,238,0
1686,84.30000000000001,0.0,0.0,0.0,0.9405,0,238,0
1687,84.35000000000001,0.0,0.0,0.0,0.9405,0,238,0
1688,84.4,0.0,0.0,0.0,0.9405,0,238,0
1689,84.45,0.0,0.0,0.0,0.9405,0,238,0
1690,84.5,0.0,0.0,0.0,0.9405,0,238,0
1691,84.55000000000001,0.0,0.0,0.0,0.9405,0,238,0
1692,84.60000000000001,0.0,0.0,0.0,0.9405,0,238,0
1693,84.65,0.0,0.0,0.0,0.9405,0,238,0
1694,84.7,0.0,0.0,0.0,0.9405,0,238,0
1695,84.75,0.0,0.0,0.0,0.9405,0,238,0
1696,84.80000000000001,0.0,0.0,0.0,0.9405,0,238,0
1697,84.85000000000001,0.0,0.0,0.0,0.9405,0,238,0
1698,84.9,0.0,0.0,0.0,0.9405,0,238,0
1699,84.95,0.0,0.0,0.0,0.9405,0,238,0
1700,85.0,0.0,0.0,0.0,0.9405,0,238,0
1701,85.05000000000001,0.0,0.0,0.0,0.9405,0,238,0
1702,85.10000000000001,0.0,0.0,0.0,0.9405,0,238,0
1703,85.15,0.0,0.0,0.0,0.9405,0,238,0
1704,85.2,0.0,0.0,0.0,0.9405,0,238,0
1705,85.25,0.0,0.0,0.0,0.9405,0,238,0
1706,85.30000000000001,0.0,0.0,0.0,0.9405,0,238,0
1707,85.35000000000001,0.0,0.0,0.0,0.9405,0,238,0
1708,85.4,0.0,0.0,0.0,0.9405,0,238,0
1709,85.45,0.0,0.0,0.0,0.9405,0,238,0
1710,85.5,0.0,0.0,0.0,0.9405,0,238,0
1711,85.55000000000001,0.0,0.0,0.0,0.9405,0,238,0
1712,85.60000000000001,0.0,0.0,0.0,0.9405,0,238,0
1713,85.65,0.0,0.0,0.0,0.9405,0,238,0
1714,85.7,0.0,0.0,0.0,0.9405,0,238,0
1715,85.75,0.0,0.0,0.0,0.9405,0,238,0
1716,85.80000000000001,0.0,0.0,0.0,0.9405,0,238,0
1717,85.85000000000001,0.0,0.0,0.0,0.9405,0,238,0
1718,85.9,0.0,0.0,0.0,0.9405,0,238,0
1719,85.95,0.0,0.0,0.0,0.9405,0,238,0
1720,86.0,0.0,0.0,0.0,0.9405,0,238,0
1721,86.05000000000001,0.0,0.0,0.0,0.9405,0,238,0
1722,86.10000000000001,0.0,0.0,0.0,0.9405,0,238,0
1723,86.15,0.0,0.0,0.0,0.9405,0,238,0
1724,86.2,0.0,0.0,0.0,0.9405,0,238,0
1725,86.25,0.0,0.0,0.0,0.9405,0,238,0
1726,86.30000000000001,0.0,0.0,0.0,0.9405,0,238,0
1727,86.35000000000001,0.0,0.0,0.0,0.9405,0,238,0
1728,86.4,0.0,0.0,0.0,0.9405,0,238,0
1729,86.45,0.0,0.0,0.0,0.9405,0,238,0
1730,86.5,0.0,0.0,0.0,0.9405,0,238,0
1731,86.55000000000001,0.0,0.0,0.0,0.9405,0,238,0
1732,86.60000000000001,0.0,0.0,0.0,0.9405,0,238,0
1733,86.65,0.0,0.0,0.0,0.9405,0,238,0
1734,86.7,0.0,0.0,0.0,0.9405,0,238,0
1735,86.75,0.0,0.0,0.0,0.9405,0,238,0
1736,86.80000000000001,0.0,0.0,0.0,0.9405,0,238,0
1737,86.85000000000001,0.0,0.0,0.0,0.9405,0,238,0
1738,86.9,0.0,0.0,0.0,0.9405,0,238,0
1739,86.95,0.0,0.0,0.0,0.9405,0,238,0
1740,87.0,0.0,0.0,0.0,0.9405,0,238,0
1741,87.05000000000001,0.0,0.0,0.0,0.9405,0,238,0
1742,87.10000000000001,0.0,0.0,0.0,0.9405,0,238,0
1743,87.15,0.0,0.0,0.0,0.9405,0,238,0
1744,87.2,0.0,0.0,0.0,0.9405,0,238,0
1745,87.25,0.0,0.0,0.0,0.9405,0,238,0
1746,87.30000000000001,0.0,0.0,0.0,0.9405,0,238,0
1747,87.35000000000001,0.0,0.0,0.0,0.9405,0,238,0
1748,87.4,0.0,0.0,0.0,0.9405,0,238,0
1749,87.45,0.0,0.0,0.0,0.9405,0,238,0
1750,87.5,0.0,0.0,0.0,0.9405,0,238,0
1751,87.55000000000001,0.0,0.0,0.0,0.9405,0,238,0
1752,87.60000000000001,0.0,0.0,0.0,0.9405,0,238,0
1753,87.65,0.0,0.0,0.0,0.9405,0,238,0
1754,87.7,0.0,0.0,0.0,0.9405,0,238,0
1755,87.75,0.0,0.0,0.0,0.9405,0,238,0
1756,87.80000000000001,0.0,0.0,0.0,0.9405,0,238,0
1757,87.85000000000001,0.0,0.0,0.0,0.9405,0,238,0
1758,87.9,0.0,0.0,0.0,0.9405,0,238,0
1759,87.95,0.0,0.0,0.0,0.9405,0,238,0
1760,88.0,0.0,0.0,0.0,0.9405,0,238,0
1761,88.05000000000001,0.0,0.0,0.0,0.9405,0,238,0
1762,88.10000000000001,0.0,0.0,0.0,0.9405,0,238,0
1763,88.15,0.0,0.0,0.0,0.9405,0,238,0
1764,88.2,0.0,0.0,0.0,0.9405,0,238,0
1765,88.25,0.0,0.0,0.0,0.9405,0,238,0
1766,88.30000000000001,0.0,0.0,0.0,0.9405,0,238,0
1767,88.35000000000001,0.0,0.0,0.0,0.9405,0,238,0
1768,88.4,0.0,0.0,0.0,0.9405,0,238,0
1769,88.45,0.0,0.0,0.0,0.9405,0,238,0
1770,88.5,0.0,0.0,0.0,0.9405,0,238,0
1771,88.55000000000001,0.0,0.0,0.0,0.9405,0,238,0
1772,88.60000000000001,0.0,0.0,0.0,0.9405,0,238,0
1773,88.65,0.0,0.0,0.0,0.9405,0,238,0
1774,88.7,0.0,0.0,0.0,0.9405,0,238,0
1775,88.75,0.0,0.0,0.0,0.9405,0,238,0
1776,88.80000000000001,0.0,0.0,0.0,0.9405,0,238,0
1777,88.85000000000001,0.0,0.0,0.0,0.9405,0,238,0
1778,88.9,0.0,0.0,0.0,0.9405,0,238,0
1779,88.95,0.0,0.0,0.0,0.9405,0,238,0
1780,89.0,0.0,0.0,0.0,0.9405,0,238,0
1781,89.05000000000001,0.0,0.0,0.0,0.9405,0,238,0
1782,89.10000000000001,0.0,0.0,0.0,0.9405,0,238,0
1783,89.15,0.0,0.0,0.0,0.9405,0,238,0
1784,89.2,0.0,0.0,0.0,0.9405,0,238,0
1785,89.25,0.0,0.0,0.0,0.9405,0,238,0
1786,89.30000000000001,0.0,0.0,0.0,0.9405,0,238,0
1787,89.35000000000001,0.0,0.0,0.0,0.9405,0,238,0
1788,89.4,0.0,0.0,0.0,0.9405,0,238,0
1789,89.45,0.0,0.0,0.0,0.9405,0,238,0
1790,89.5,0.0,0.0,0.0,0.9405,0,238,0
1791,89.55000000000001,0.0,0.0,0.0,0.9405,0,238,0
1792,89.60000000000001,0.0,0.0,0.0,0.9405,0,238,0
1793,89.65,0.0,0.0,0.0,0.9405,0,238,0
1794,89.7,0.0,0.0,0.0,0.9405,0,238,0
1795,89.75,0.0,0.0,0.0,0.9405,0,238,0
1796,89.80000000000001,0.0,0.0,0.0,0.9405,0,238,0
1797,89.85000000000001,0.0,0.0,0.0,0.9405,0,238,0
1798,89.9,0.0,0.0,0.0,0.9405,0,238,0
1799,89.95,0.0,0.0,0.0,0.9405,0,238,0
1800,90.0,0.0,0.0,0.0,0.9405,0,238,0
1801,90.05000000000001,0.0,0.0,0.0,0.9405,0,238,0
1802,90.10000000000001,0.0,0.0,0.0,0.9405,0,238,0
1803,90.15,0.0,0.0,0.0,0.9405,0,238,0
1804,90.2,0.0,0.0,0.0,0.9405,0,238,0
1805,90.25,0.0,0.0,0.0,0.9405,0,238,0
1806,90.30000000000001,0.0,0.0,0.0,0.9405,0,238,0
1807,90.35000000000001,0.0,0.0,0.0,0.9405,0,238,0
1808,90.4,0.0,0.0,0.0,0.9405,0,238,0
1809,90.45,0.0,0.0,0.0,0.9405,0,238,0
1810,90.5,0.0,0.0,0.0,0.9405,0,238,0
1811,90.55000000000001,0.0,0.0,0.0,0.9405,0,238,0
1812,90.60000000000001,0.0,0.0,0.0,0.9405,0,238,0
1813,90.65,0.0,0.0,0.0,0.9405,0,238,0
1814,90.7,0.0,0.0,0.0,0.9405,0,238,0
1815,90.75,0.0,0.0,0.0,0.9405,0,238,0
1816,90.80000000000001,0.0,0.0,0.0,0.9405,0,238,0
1817,90.85000000000001,0.0,0.0,0.0,0.9405,0,238,0
1818,90.9,0.0,0.0,0.0,0.9405,0,238,0
1819,90.95,0.0,0.0,0.0,0.9405,0,238,0
1820,91.0,0.0,0.0,0.0,0.9405,0,238,0
1821,91.05000000000001,0.0,0.0,0.0,0.9405,0,238,0
1822,91.10000000000001,0.0,0.0,0.0,0.9405,0,238,0
1823,91.15,0.0,0.0,0.0,0.9405,0,238,0
1824,91.2,0.0,0.0,0.0,0.9405,0,238,0
1825,91.25,0.0,0.0,0.0,0.9405,0,238,0
1826,91.30000000000001,0.0,0.0,0.0,0.9405,0,238,0
1827,91.35000000000001,0.0,0.0,0.0,0.9405,0,238,0
1828,91.4,0.0,0.0,0.0,0.9405,0,238,0
1829,91.45,0.0,0.0,0.0,0.9405,0,238,0
1830,91.5,0.0,0.0,0.0,0.9405,0,238,0
1831,91.55000000000001,0.0,0.0,0.0,0.9405,0,238,0
1832,91.60000000000001,0.0,0.0,0.0,0.9405,0,238,0
1833,91.65,0.0,0.0,0.0,0.9405,0,238,0
1834,91.7,0.0,0.0,0.0,0.9405,0,238,0
1835,91.75,0.0,0.0,0.0,0.9405,0,238,0
1836,91.80000000000001,0.0,0.0,0.0,0.9405,0,238,0
1837,91.85000000000001,0.0,0.0,0.0,0.9405,0,238,0
1838,91.9,0.0,0.0,0.0,0.9405,0,238,0
1839,91.95,0.0,0.0,0.0,0.9405,0,238,0
1840,92.0,0.0,0.0,0.0,0.9405,0,238,0
1841,92.05000000000001,0.0,0.0,0.0,0.9405,0,238,0
1842,92.10000000000001,0.0,0.0,0.0,0.9405,0,238,0
1843,92.15,0.0,0.0,0.0,0.9405,0,238,0
1844,92.2,0.0,0.0,0.0,0.9405,0,238,0
1845,92.25,0.0,0.0,0.0,0.9405,0,238,0
1846,92.30000000000001,0.0,0.0,0.0,0.9405,0,238,0
1847,92.35000000000001,0.0,0.0,0.0,0.9405,0,238,0
1848,92.4,0.0,0.0,0.0,0.9405,0,238,0
1849,92.45,0.0,0.0,0.0,0.9405,0,238,0
1850,92.5,0.0,0.0,0.0,0.9405,0,238,0
1851,92.55000000000001,0.0,0.0,0.0,0.9405,0,238,0
1852,92.60000000000001,0.0,0.0,0.0,0.9405,0,238,0
1853,92.65,0.0,0.0,0.0,0.9405,0,238,0
1854,92.7,0.0,0.0,0.0,0.9405,0,238,0
1855,92.75,0.0,0.0,0.0,0.9405,0,238,0
1856,92.80000000000001,0.0,0.0,0.0,0.9405,0,238,0
1857,92.85000000000001,0.0,0.0,0.0,0.9405,0,238,0
1858,92.9,0.0,0.0,0.0,0.9405,0,238,0
1859,92.95,0.0,0.0,0.0,0.9405,0,238,0
1860,93.0,0.0,0.0,0.0,0.9405,0,238,0
1861,93.05000000000001,0.0,0.0,0.0,0.9405,0,238,0
1862,93.10000000000001,0.0,0.0,0.0,0.9405,0,238,0
1863,93.15,0.0,0.0,0.0,0.9405,0,238,0
1864,93.2,0.0,0.0,0.0,0.9405,0,238,0
1865,93.25,0.0,0.0,0.0,0.9405,0,238,0
1866,93.30000000000001,0.0,0.0,0.0,0.9405,0,238,0
1867,93.35000000000001,0.0,0.0,0.0,0.9405,0,238,0
1868,93.4,0.0,0.0,0.0,0.9405,0,238,0
1869,93.45,0.0,0.0,0.0,0.9405,0,238,0
1870,93.5,0.0,0.0,0.0,0.9405,0,238,0
1871,93.55000000000001,0.0,0.0,0.0,0.9405,0,238,0
1872,93.60000000000001,0.0,0.0,0.0,0.9405,0,238,0
1873,93.65,0.0,0.0,0.0,0.9405,0,238,0
1874,93.7,0.0,0.0,0.0,0.9405,0,238,0
1875,93.75,0.0,0.0,0.0,0.9405,0,238,0
1876,93.80000000000001,0.0,0.0,0.0,0.9405,0,238,0
1877,93.85000000000001,0.0,0.0,0.0,0.9405,0,238,0
1878,93.9,0.0,0.0,0.0,0.9405,0,238,0
1879,93.95,0.0,0.0,0.0,0.9405,0,238,0
1880,94.0,0.0,0.0,0.0,0.9405,0,238,0
1881,94.05000000000001,0.0,0.0,0.0,0.9405,0,238,0
1882,94.10000000000001,0.0,0.0,0.0,0.9405,0,238,0
1883,94.15,0.0,0.0,0.0,0.9405,0,238,0
1884,94.2,0.0,0.0,0.0,0.9405,0,238,0
1885,94.25,0.0,0.0,0.0,0.9405,0,238,0
1886,94.30000000000001,0.0,0.0,0.0,0.9405,0,238,0
1887,94.35000000000001,0.0,0.0,0.0,0.9405,0,238,0
1888,94.4,0.0,0.0,0.0,0.9405,0,238,0
1889,94.45,0.0,0.0,0.0,0.9405,0,238,0
1890,94.5,0.0,0.0,0.0,0.9405,0,238,0
1891,94.55000000000001,0.0,0.0,0.0,0.9405,0,238,0
1892,94.60000000000001,0.0,0.0,0.0,0.9405,0,238,0
1893,94.65,0.0,0.0,0.0,0.9405,0,238,0
1894,94.7,0.0,0.0,0.0,0.9405,0,238,0
1895,94.75,0.0,0.0,0.0,0.9405,0,238,0
1896,94.80000000000001,0.0,0.0,0.0,0.9405,0,238,0
1897,94.85000000000001,0.0,0.0,0.0,0.9405,0,238,0
1898,94.9,0.0,0.0,0.0,0.9405,0,238,0
1899,94.95,0.0,0.0,0.0,0.9405,0,238,0
1900,95.0,0.0,0.0,0.0,0.9405,0,238,0
1901,95.05000000000001,0.0,0.0,0.0,0.9405,0,238,0
1902,95.10000000000001,0.0,0.0,0.0,0.9405,0,238,0
1903,95.15,0.0,0.0,0.0,0.9405,0,238,0
1904,95.2,0.0,0.0,0.0,0.9405,0,238,0
1905,95.25,0.0,0.0,0.0,0.9405,0,238,0
1906,95.30000000000001,0.0,0.0,0.0,0.9405,0,238,0
1907,95.35000000000001,0.0,0.0,0.0,0.9405,0,238,0
1908,95.4,0.0,0.0,0.0,0.9405,0,238,0
1909,95.45,0.0,0.0,0.0,0.9405,0,238,0
1910,95.5,0.0,0.0,0.0,0.9405,0,238,0
1911,95.55000000000001,0.0,0.0,0.0,0.9405,0,238,0
1912,95.60000000000001,0.0,0.0,0.0,0.9405,0,238,0
1913,95.65,0.0,0.0,0.0,0.9405,0,238,0
1914,95.7,0.0,0.0,0.0,0.9405,0,238,0
1915,95.75,0.0,0.0,0.0,0.9405,0,238,0
1916,95.80000000000001,0.0,0.0,0.0,0.9405,0,238,0
1917,95.85000000000001,0.0,0.0,0.0,0.9405,0,238,0
1918,95.9,0.0,0.0,0.0,0.9405,0,238,0
1919,95.95,0.0,0.0,0.0,0.9405,0,238,0
1920,96.0,0.0,0.0,0.0,0.9405,0,238,0
1921,96.05000000000001,0.0,0.0,0.0,0.9405,0,238,0
1922,96.10000000000001,0.0,0.0,0.0,0.9405,0,238,0
1923,96.15,0.0,0.0,0.0,0.9405,0,238,0
1924,96.2,0.0,0.0,0.0,0.9405,0,238,0
1925,96.25,0.0,0.0,0.0,0.9405,0,238,0
1926,96.30000000000001,0.0,0.0,0.0,0.9405,0,238,0
1927,96.35000000000001,0.0,0.0,0.0,0.9405,0,238,0
1928,96.4,0.0,0.0,0.0,0.9405,0,238,0
1929,96.45,0.0,0.0,0.0,0.9405,0,238,0
1930,96.5,0.0,0.0,0.0,0.9405,0,238,0
1931,96.55000000000001,0.0,0.0,0.0,0.9405,0,238,0
1932,96.60000000000001,0.0,0.0,0.0,0.9405,0,238,0
1933,96.65,0.0,0.0,0.0,0.9405,0,238,0
1934,96.7,0.0,0.0,0.0,0.9405,0,238,0
1935,96.75,0.0,0.0,0.0,0.9405,0,238,0
1936,96.80000000000001,0.0,0.0,0.0,0.9405,0,238,0
1937,96.85000000000001,0.0,0.0,0.0,0.9405,0,238,0
1938,96.9,0.0,0.0,0.0,0.9405,0,238,0
1939,96.95,0.0,0.0,0.0,0.9405,0,238,0
1940,97.0,0.0,0.0,0.0,0.9405,0,238,0
1941,97.05000000000001,0.0,0.0,0.0,0.9405,0,238,0
1942,97.10000000000001,0.0,0.0,0.0,0.9405,0,238,0
1943,97.15,0.0,0.0,0.0,0.9405,0,238,0
1944,97.2,0.0,0.0,0.0,0.9405,0,238,0
1945,97.25,0.0,0.0,0.0,0.9405,0,238,0
1946,97.30000000000001,0.0,0.0,0.0,0.9405,0,238,0
1947,97.35000000000001,0.0,0.0,0.0,0.9405,0,238,0
1948,97.4,0.0,0.0,0.0,0.9405,0,238,0
1949,97.45,0.0,0.0,0.0,0.9405,0,238,0
1950,97.5,0.0,0.0,0.0,0.9405,0,238,0
1951,97.55000000000001,0.0,0.0,0.0,0.9405,0,238,0
1952,97.60000000000001,0.0,0.0,0.0,0.9405,0,238,0
1953,97.65,0.0,0.0,0.0,0.9405,0,238,0
1954,97.7,0.0,0.0,0.0,0.9405,0,238,0
1955,97.75,0.0,0.0,0.0,0.9405,0,238,0
1956,97.80000000000001,0.0,0.0,0.0,0.9405,0,238,0
1957,97.85000000000001,0.0,0.0,0.0,0.9405,0,238,0
1958,97.9,0.0,0.0,0.0,0.9405,0,238,0
1959,97.95,0.0,0.0,0.0,0.9405,0,238,0
1960,98.0,0.0,0.0,0.0,0.9405,0,238,0
1961,98.05000000000001,0.0,0.0,0.0,0.9405,0,238,0
1962,98.10000000000001,0.0,0.0,0.0,0.9405,0,238,0
1963,98.15,0.0,0.0,0.0,0.9405,0,238,0
1964,98.2,0.0,0.0,0.0,0.9405,0,238,0
1965,98.25,0.0,0.0,0.0,0.9405,0,238,0
1966,98.30000000000001,0.0,0.0,0.0,0.9405,0,238,0
1967,98.35000000000001,0.0,0.0,0.0,0.9405,0,238,0
1968,98.4,0.0,0.0,0.0,0.9405,0,238,0
1969,98.45,0.0,0.0,0.0,0.9405,0,238,0
1970,98.5,0.0,0.0,0.0,0.9405,0,238,0
1971,98.55000000000001,0.0,0.0,0.0,0.9405,0,238,0
1972,98.60000000000001,0.0,0.0,0.0,0.9405,0,238,0
1973,98.65,0.0,0.0,0.0,0.9405,0,238,0
1974,98.7,0.0,0.0,0.0,0.9405,0,238,0
1975,98.75,0.0,0.0,0.0,0.9405,0,238,0
1976,98.80000000000001,0.0,0.0,0.0,0.9405,0,238,0
1977,98.85000000000001,0.0,0.0,0.0,0.9405,0,238,0
1978,98.9,0.0,0.0,0.0,0.9405,0,238,0
1979,98.95,0.0,0.0,0.0,0.9405,0,238,0
1980,99.0,0.0,0.0,0.0,0.9405,0,238,0
1981,99.05000000000001,0.0,0.0,0.0,0.9405,0,238,0
1982,99.10000000000001,0.0,0.0,0.0,0.9405,0,238,0
1983,99.15,0.0,0.0,0.0,0.9405,0,238,0
1984,99.2,0.0,0.0,0.0,0.9405,0,238,0
1985,99.25,0.0,0.0,0.0,0.9405,0,238,0
1986,99.30000000000001,0.0,0.0,0.0,0.9405,0,238,0
1987,99.35000000000001,0.0,0.0,0.0,0.9405,0,238,0
1988,99.4,0.0,0.0,0.0,0.9405,0,238,0
1989,99.45,0.0,0.0,0.0,0.9405,0,238,0
1990,99.5,0.0,0.0,0.0,0.9405,0,238,0
1991,99.55000000000001,0.0,0.0,0.0,0.9405,0,238,0
1992,99.60000000000001,0.0,0.0,0.0,0.9405,0,238,0
1993,99.65,0.0,0.0,0.0,0.9405,0,238,0
1994,99.7,0.0,0.0,0.0,0.9405,0,238,0
1995,99.75,0.0,0.0,0.0,0.9405,0,238,0
1996,99.80000000000001,0.0,0.0,0.0,0.9405,0,238,0
1997,99.85000000000001,0.0,0.0,0.0,0.9405,0,238,0
1998,99.9,0.0,0.0,0.0,0.9405,0,238,0
1999,99.95,0.0,0.0,0.0,0.9405,0,238,0
